Genome ID,Genome_Name,Kleborate version,Wrapper version,species,species_match,contig_count,N50,largest_contig,total_size,ambiguous_bases,QC_warnings,ST,gapA,infB,mdh,pgi,phoE,rpoB,tonB,YbST,Yersiniabactin,ybtS,ybtX,ybtQ,ybtP,ybtA,irp2,irp1,ybtU,ybtT,ybtE,fyuA,spurious_ybt_hits,CbST,Colibactin,clbA,clbB,clbC,clbD,clbE,clbF,clbG,clbH,clbI,clbL,clbM,clbN,clbO,clbP,clbQ,spurious_clb_hits,AbST,Aerobactin,iucA,iucB,iucC,iucD,iutA,spurious_abst_hits,SmST,Salmochelin,iroB,iroC,iroD,iroN,spurious_smst_hits,RmST,RmpADC,rmpA,rmpD,rmpC,spurious_rmst_hits,virulence_score,spurious_virulence_hits,rmpA2,AGly_acquired,Col_acquired,Fcyn_acquired,Flq_acquired,Gly_acquired,MLS_acquired,Phe_acquired,Rif_acquired,Sul_acquired,Tet_acquired,Tgc_acquired,Tmt_acquired,Bla_acquired,Bla_inhR_acquired,Bla_ESBL_acquired,Bla_ESBL_inhR_acquired,Bla_Carb_acquired,Bla_chr,SHV_mutations,Omp_mutations,Col_mutations,Flq_mutations,truncated_resistance_hits,spurious_resistance_hits,resistance_score,num_resistance_classes,num_resistance_genes,Ciprofloxacin_prediction,Ciprofloxacin_profile_support,Ciprofloxacin_profile,Ciprofloxacin_MIC_prediction,wzi,K_locus,K_type,K_locus_confidence,K_locus_problems,K_locus_identity,K_Missing_expected_genes,O_locus,O_type,O_locus_confidence,O_locus_problems,O_locus_identity,O_Missing_expected_genes
6723613e6a8e2b00a97b93dc,BS27782I1_complete,v3.2.4,6,Klebsiella pneumoniae,strong,1,5193881,5193881,5193881,no,-,ST592,2,3,6,1,9,4,13,0,-,-,-,-,-,-,-,-,-,-,-,-,-,0,-,-,-,-,-,-,-,-,-,-,-,-,-,-,-,-,-,5,iuc 1,1,1,1,1,10,-,1,iro 1,1,1,1,1,-,26,rmp 1; KpVP-1,2,2,2,-,3,-,rmpA2_6*-55%,-,-,-,-,-,-,-,-,-,-,-,-,-,-,-,-,-,SHV-26^,-,-,-,-,-,-,0,0,0,wildtype S,90.99% S (N=5168/5680),"0^ QRDR, 0 PMQR, 0 aac(6`)-Ib-cr",0.25 mg/L [0.25-0.25],wzi206,KL57,K57,Typeable,!,99.87%,-,OL3γ,O3γ,Typeable,-,99.63%,-
6723613e6a8e2b01c97b93cf,BN07724I1_complete,v3.2.4,6,Klebsiella pneumoniae,strong,4,5318737,5318737,5703599,no,-,ST404-3LV,27,5,6,1,12,1,2,463-1LV,ybt 4; plasmid (truncated),75,34,37,44,47,104*-74%,227,25,23,45,118,-,0,-,-,-,-,-,-,-,-,-,-,-,-,-,-,-,-,-,0,-,-,-,-,-,-,-,0,-,-,-,-,-,-,0,-,-,-,-,-,1,-,-,-,-,-,-,-,-,-,-,-,-,-,-,-,-,-,-,-,SHV-32,SHV:p.Gly156Asp,-,-,-,-,-,0,0,0,wildtype S,90.99% S (N=5168/5680),"0^ QRDR, 0 PMQR, 0 aac(6`)-Ib-cr",0.25 mg/L [0.25-0.25],wzi149,KL62,K62,Typeable,!,99.47%,-,OL2α.1,"O1αβ,2α",Typeable,-,99.43%,-
6723613e6a8e2b02587b9377,06719B1_complete,v3.2.4,6,Klebsiella pneumoniae,strong,3,5410398,5410398,5466925,no,-,ST711,2,61,2,2,6,4,4,277-3LV,ybt 16; ICEKp12,6,15*,5,4,11,324,370*,2,11,4,2,-,0,-,-,-,-,-,-,-,-,-,-,-,-,-,-,-,-,-,0,-,-,-,-,-,-,-,0,-,-,-,-,-,-,0,-,-,-,-,-,1,-,-,aac(3)-IIa.v1^;strB.v1;strA.v1^;aac(6')-Ib-cr.v2,-,-,qnrB1.v2^;aac(6')-Ib-cr.v2,-,-,-,-,sul2,tet(A).v1,-,dfrA14.v2*,OXA-1,-,CTX-M-15,-,-,SHV-187,-,-,-,-,-,catB3.v1?-70%,1,8,12,nonwildtype R,94.63% R (N=776/820),"0 QRDR, 1 PMQR, 1 aac(6`)-Ib-cr",2 mg/L [1-2],wzi303,KL54,K54,Typeable,-,99.94%,-,OL2α.2,"O1αβ,2β",Typeable,-,99.41%,-
6723613e6a8e2b02727b9371,02837B1_complete,v3.2.4,6,Klebsiella pneumoniae,strong,10,5165015,5165015,5608008,no,-,ST163,2,1,1,1,9,1,12,0,-,-,-,-,-,-,-,-,-,-,-,-,-,0,-,-,-,-,-,-,-,-,-,-,-,-,-,-,-,-,-,0,-,-,-,-,-,-,-,0,-,-,-,-,-,-,0,-,-,-,-,-,0,-,-,aac(3)-IIa.v1^;strB.v1*;strB.v1*;strA.v1*;strA.v1*;aadA2^;aac(6')-Ib-cr.v2,-,-,qnrS1;aac(6')-Ib-cr.v2,-,Mrx;mphA,-,-,sul1;sul2,-,-,dfrA12,OXA-1,-,CTX-M-15,-,-,SHV-36,SHV:p.Leu35Gln,-,-,-,-,catB3.v1?-70%,1,8,17,nonwildtype R,94.63% R (N=776/820),"0 QRDR, 1 PMQR, 1 aac(6`)-Ib-cr",2 mg/L [1-2],wzi343,KL109,unknown (KL109),Typeable,!,99.61%,-,OL2α.2,"O1αβ,2β",Typeable,-,99.00%,-
6723613e6a8e2b082d7b93a1,38326B1_complete,v3.2.4,6,Klebsiella pneumoniae,strong,1,5372683,5372683,5372683,no,-,ST39,2,1,2,4,9,1,14,378,ybt 15; ICEKp11,6,15,22,4,1,37,44,14,1,4,17,-,0,-,-,-,-,-,-,-,-,-,-,-,-,-,-,-,-,-,0,-,-,-,-,-,-,-,0,-,-,-,-,-,-,0,-,-,-,-,-,1,-,-,strB.v1;aph3-Ia.v1^;strA.v1^,-,-,-,-,-,catA1^,-,sul1;sul2*,tet(A).v1,-,dfrA7,-,-,-,-,-,SHV-11^,SHV:p.Leu35Gln,-,-,-,-,-,0,6,9,wildtype S,90.99% S (N=5168/5680),"0^ QRDR, 0 PMQR, 0 aac(6`)-Ib-cr",0.25 mg/L [0.25-0.25],wzi62,KL62,Capsule null,Typeable,!,99.80%,-,OL2α.2,"O1αβ,2β",Typeable,-,99.46%,-
6723613e6a8e2b08537b93d2,BS12647I1_incomplete,v3.2.4,6,Klebsiella pneumoniae,strong,319,35151,162504,5322446,no,-,ST86,9,4,2,1,1,1,27,0,-,-,-,-,-,-,-,-,-,-,-,-,-,0,-,-,-,-,-,-,-,-,-,-,-,-,-,-,-,-,-,1,iuc 1,1,1,1,1,1,-,1,iro 1,1,1,1,1,-,0,-,-,-,2*-0%,-,3,-,-,strB.v1*;strA.v1*,-,-,-,-,-,catII.2*,-,sul2,-,-,dfrA14.v2*,-,-,-,-,-,-,-,-,-,-,SHV-208*-89%,-,0,5,6,wildtype S,90.99% S (N=5168/5680),"0^ QRDR, 0 PMQR, 0 aac(6`)-Ib-cr",0.25 mg/L [0.25-0.25],wzi2,KL2,K2,Typeable,?3-+,99.84%,KL2_10;KL2_08;KL2_09,OL2α.1,"O1αβ,2α",Typeable,!,99.44%,-
6723613e6a8e2b0d1b7b936d,25NOV7-2-24_complete,v3.2.4,6,Klebsiella pneumoniae,strong,4,5323485,5323485,5676917,no,-,ST1514,4,1,2,2,11,4,24,463-2LV,ybt 4; plasmid,75,34*,37,44,47,104,227*,25,23,45,118,-,0,-,-,-,-,-,-,-,-,-,-,-,-,-,-,-,-,-,0,-,-,-,-,-,-,-,0,-,-,-,-,-,-,0,-,-,-,-,-,1,-,-,-,-,-,-,-,-,-,-,-,-,-,-,-,-,-,-,-,SHV-61*,SHV:p.Leu35Gln,-,-,-,-,-,0,0,0,wildtype S,90.99% S (N=5168/5680),"0^ QRDR, 0 PMQR, 0 aac(6`)-Ib-cr",0.25 mg/L [0.25-0.25],wzi19,KL19,K19,Typeable,-,97.93%,-,OL2α.2,"O1αβ,2β",Typeable,-,99.52%,-
6723613e6a8e2b0fe77b93bb,38998B1_complete,v3.2.4,6,Klebsiella pneumoniae,strong,4,5377046,5377046,5635667,no,-,ST39,2,1,2,4,9,1,14,378,ybt 15; ICEKp11,6,15,22,4,1,37,44,14,1,4,17,-,0,-,-,-,-,-,-,-,-,-,-,-,-,-,-,-,-,-,0,-,-,-,-,-,-,-,0,-,-,-,-,-,-,0,-,-,-,-,-,1,-,-,aac(3)-IId^;strB.v1;aph3-Ia.v1^;strA.v1^,-,-,-,-,-,catA1^,-,sul1;sul2*,tet(A).v1,-,dfrA7,-,-,CTX-M-15,-,-,SHV-11^,SHV:p.Leu35Gln,-,-,-,-,-,1,7,11,wildtype S,90.99% S (N=5168/5680),"0^ QRDR, 0 PMQR, 0 aac(6`)-Ib-cr",0.25 mg/L [0.25-0.25],wzi62,KL62,Capsule null,Typeable,!,99.80%,-,OL2α.2,"O1αβ,2β",Typeable,-,99.46%,-
6723613e6a8e2b12377b9380,19619B1_complete,v3.2.4,6,Klebsiella pneumoniae,strong,8,5322946,5322946,5602050,no,-,ST985,10,3,2,2,6,4,4,277,ybt 16; ICEKp12,6,15,5,4,11,33,23,2,11,4,2,-,0,-,-,-,-,-,-,-,-,-,-,-,-,-,-,-,-,-,0,-,-,-,-,-,-,-,0,-,-,-,-,-,-,0,-,-,-,-,-,1,-,-,strB.v1;strA.v1^;aac(6')-Ib-cr.v2,-,-,qnrB1.v2^;aac(6')-Ib-cr.v2,-,-,-,-,sul2,tet(A).v1,-,dfrA14.v2*,OXA-1,-,CTX-M-15,-,-,SHV-187,-,-,-,-,aac(3)-IIa.v1*-69%,catB3.v1?-70%,1,8,11,nonwildtype R,94.63% R (N=776/820),"0 QRDR, 1 PMQR, 1 aac(6`)-Ib-cr",2 mg/L [1-2],wzi39,KL39,K39,Typeable,-,99.80%,-,OL2α.2,"O1αβ,2β",Typeable,-,99.42%,-
6723613e6a8e2b146c7b9388,29271B1_complete,v3.2.4,6,Klebsiella pneumoniae,strong,5,5133822,5133822,5406935,no,-,ST502,2,53,3,1,10,4,18,0,-,-,-,-,-,-,-,-,-,-,-,-,-,0,-,-,-,-,-,-,-,-,-,-,-,-,-,-,-,-,-,0,-,-,-,-,-,-,-,0,-,-,-,-,-,-,0,-,-,-,-,-,0,-,-,-,-,-,-,-,-,-,-,-,-,-,-,-,-,-,-,-,SHV-62,SHV:p.Leu35Gln,-,-,-,-,-,0,0,0,wildtype S,90.99% S (N=5168/5680),"0^ QRDR, 0 PMQR, 0 aac(6`)-Ib-cr",0.25 mg/L [0.25-0.25],wzi50,KL15,K15,Typeable,-,99.93%,-,OL4,O4,Typeable,-,99.56%,-
6723613e6a8e2b16c87b93af,38764B1_complete,v3.2.4,6,Klebsiella pneumoniae,strong,4,5377047,5377047,5635663,no,-,ST39,2,1,2,4,9,1,14,378,ybt 15; ICEKp11,6,15,22,4,1,37,44,14,1,4,17,-,0,-,-,-,-,-,-,-,-,-,-,-,-,-,-,-,-,-,0,-,-,-,-,-,-,-,0,-,-,-,-,-,-,0,-,-,-,-,-,1,-,-,aac(3)-IId^;strB.v1;aph3-Ia.v1^;strA.v1^,-,-,-,-,-,catA1^,-,sul1;sul2*,tet(A).v1,-,dfrA7,-,-,CTX-M-15,-,-,SHV-11^,SHV:p.Leu35Gln,-,-,-,-,-,1,7,11,wildtype S,90.99% S (N=5168/5680),"0^ QRDR, 0 PMQR, 0 aac(6`)-Ib-cr",0.25 mg/L [0.25-0.25],wzi62,KL62,Capsule null,Typeable,!,99.80%,-,OL2α.2,"O1αβ,2β",Typeable,-,99.46%,-
6723613e6a8e2b17fe7b93a9,38614B1_complete,v3.2.4,6,Klebsiella pneumoniae,strong,6,5375271,5375271,5572923,no,-,ST39,2,1,2,4,9,1,14,378,ybt 15; ICEKp11,6,15,22,4,1,37,44,14,1,4,17,-,0,-,-,-,-,-,-,-,-,-,-,-,-,-,-,-,-,-,0,-,-,-,-,-,-,-,0,-,-,-,-,-,-,0,-,-,-,-,-,1,-,-,strB.v1;aph3-Ia.v1^;strA.v1^,-,-,-,-,-,catA1^,-,sul1;sul2*,tet(A).v1,-,dfrA7,-,-,-,-,-,SHV-11^,SHV:p.Leu35Gln,-,-,-,CTX-M-15*-72%;aac(3)-IId*-24%,-,0,6,9,wildtype S,90.99% S (N=5168/5680),"0^ QRDR, 0 PMQR, 0 aac(6`)-Ib-cr",0.25 mg/L [0.25-0.25],wzi62,KL62,Capsule null,Typeable,!,99.80%,-,OL2α.2,"O1αβ,2β",Typeable,-,99.46%,-
6723613e6a8e2b180a7b93b5,38832B1_complete,v3.2.4,6,Klebsiella pneumoniae,strong,3,5375185,5375185,5629151,no,-,ST39,2,1,2,4,9,1,14,378,ybt 15; ICEKp11,6,15,22,4,1,37,44,14,1,4,17,-,0,-,-,-,-,-,-,-,-,-,-,-,-,-,-,-,-,-,0,-,-,-,-,-,-,-,0,-,-,-,-,-,-,0,-,-,-,-,-,1,-,-,aac(3)-IId^;strB.v1;strA.v1^,-,-,-,-,-,catA1^,-,sul1;sul2*,tet(A).v1,-,dfrA7,-,-,CTX-M-15,-,-,SHV-11^,SHV:p.Leu35Gln,-,-,-,-,-,1,7,10,wildtype S,90.99% S (N=5168/5680),"0^ QRDR, 0 PMQR, 0 aac(6`)-Ib-cr",0.25 mg/L [0.25-0.25],wzi62,KL62,Capsule null,Typeable,!,99.80%,-,OL2α.2,"O1αβ,2β",Typeable,-,99.46%,-
6723613e6a8e2b19257b9385,26576B1_complete,v3.2.4,6,Klebsiella pneumoniae,strong,7,5337935,5337935,5440368,no,-,ST73,2,3,4,1,12,6,19,277,ybt 16; ICEKp12,6,15,5,4,11,33,23,2,11,4,2,-,0,-,-,-,-,-,-,-,-,-,-,-,-,-,-,-,-,-,0,-,-,-,-,-,-,-,0,-,-,-,-,-,-,0,-,-,-,-,-,1,-,-,aadA^;aadA^;aac(3)-IIa.v1,-,-,-,-,-,-,-,sul1,tet(C),-,dfrA8,SCO-1,-,CTX-M-15;CTX-M-15,-,-,SHV-1^,-,-,-,-,sul1*-35%,-,1,7,10,wildtype S,90.99% S (N=5168/5680),"0^ QRDR, 0 PMQR, 0 aac(6`)-Ib-cr",0.25 mg/L [0.25-0.25],wzi133,KL25,K25,Typeable,!,99.67%,-,OL2α.1,O2α,Typeable,!,98.91%,-
6723613e6a8e2b193d7b9386,26737B1_complete,v3.2.4,6,Klebsiella pneumoniae,strong,2,5306224,5306224,5588102,no,-,ST2716-1LV,10,1,2,1,9,4,100,463,ybt 4; plasmid,75,34,37,44,47,104,227,25,23,45,118,-,0,-,-,-,-,-,-,-,-,-,-,-,-,-,-,-,-,-,0,-,-,-,-,-,-,-,0,-,-,-,-,-,-,0,-,-,-,-,-,1,-,-,-,-,-,-,-,-,-,-,-,-,-,-,-,-,-,-,-,SHV-110^,SHV:p.Leu35Gln;SHV:p.Gly156Asp,-,-,-,-,-,0,0,0,wildtype S,90.99% S (N=5168/5680),"0^ QRDR, 0 PMQR, 0 aac(6`)-Ib-cr",0.25 mg/L [0.25-0.25],-,KL67,K67,Typeable,-,99.07%,-,OL2α.2,"O1αβ,2β",Typeable,-,99.39%,-
6723613e6a8e2b1cb77b9376,04998B1_complete,v3.2.4,6,Klebsiella pneumoniae,strong,3,5229524,5229524,5238362,no,-,ST716,71,1,1,2,16,4,164,13,ybt 22; ICEKp12,11,9,11,8,1,2,2,8,9,8,8,-,0,-,-,-,-,-,-,-,-,-,-,-,-,-,-,-,-,-,0,-,-,-,-,-,-,-,0,-,-,-,-,-,-,0,-,-,-,-,-,1,-,-,-,-,-,-,-,-,-,-,-,-,-,-,-,-,-,-,-,SHV-27,SHV:p.Gly156Asp,-,-,-,-,-,0,0,0,wildtype S,90.99% S (N=5168/5680),"0^ QRDR, 0 PMQR, 0 aac(6`)-Ib-cr",0.25 mg/L [0.25-0.25],wzi89,KL110,unknown (KL110),Typeable,!,99.73%,-,OL2α.1,O2α,Typeable,-,99.16%,-
6723613e6a8e2b21fe7b93de,BS31825I1_complete,v3.2.4,6,Klebsiella pneumoniae,strong,3,5171168,5171168,5260513,no,-,ST3717,2,6,2,5,11,1,40,0,-,-,-,-,-,-,-,-,-,-,-,-,-,0,-,-,-,-,-,-,-,-,-,-,-,-,-,-,-,-,-,0,-,-,-,-,-,-,-,0,-,-,-,-,-,-,0,-,-,-,-,-,0,-,-,aadA16*;strB.v1*;strA.v1*;aac(6')-Ib-cr.v2,-,-,aac(6')-Ib-cr.v2,-,-,catII.2*,arr-3,sul1;sul2,-,-,dfrA27,-,-,CTX-M-15,-,-,SHV-1^,-,-,-,-,-,-,1,8,12,wildtype S,65.63% S (N=105/160),"0 QRDR, 0 PMQR, 1 aac(6`)-Ib-cr",0.25 mg/L [0.25-0.5],wzi34,KL57,K57,Typeable,!,99.53%,-,OL2α.2,"O1αβ,2β",Typeable,-,99.11%,-
6723613e6a8e2b24857b93a7,38552B1_complete,v3.2.4,6,Klebsiella pneumoniae,strong,4,5377949,5377949,5636568,no,-,ST39,2,1,2,4,9,1,14,378,ybt 15; ICEKp11,6,15,22,4,1,37,44,14,1,4,17,-,0,-,-,-,-,-,-,-,-,-,-,-,-,-,-,-,-,-,0,-,-,-,-,-,-,-,0,-,-,-,-,-,-,0,-,-,-,-,-,1,-,-,aac(3)-IId^;strB.v1;aph3-Ia.v1^;strA.v1^,-,-,-,-,-,catA1^,-,sul1;sul2*,tet(A).v1,-,dfrA7,-,-,CTX-M-15,-,-,SHV-11^,SHV:p.Leu35Gln,-,-,-,-,-,1,7,11,wildtype S,90.99% S (N=5168/5680),"0^ QRDR, 0 PMQR, 0 aac(6`)-Ib-cr",0.25 mg/L [0.25-0.25],wzi62,KL62,Capsule null,Typeable,!,99.80%,-,OL2α.2,"O1αβ,2β",Typeable,-,99.46%,-
6723613e6a8e2b275a7b936c,9NOV7-2-24_complete,v3.2.4,6,Klebsiella pneumoniae,strong,6,5250951,5250951,5574741,no,-,ST101,2,6,1,5,4,1,6,0,-,-,-,-,-,-,-,-,-,-,-,-,-,0,-,-,-,-,-,-,-,-,-,-,-,-,-,-,-,-,-,0,-,-,-,-,-,-,-,0,-,-,-,-,-,-,0,-,-,-,-,-,0,-,-,aadA1.v1^,-,fosA2*,-,-,-,-,-,sul1,-,-,dfrA1.v2,-,-,-,-,-,SHV-1^,-,-,-,-,-,-,0,4,4,wildtype S,90.99% S (N=5168/5680),"0^ QRDR, 0 PMQR, 0 aac(6`)-Ib-cr",0.25 mg/L [0.25-0.25],-,KL106,unknown (KL106),Typeable,+!,96.81%,-,OL2α.2,"O1αβ,2β",Typeable,-,99.15%,-
6723613e6a8e2b27907b939f,38277B1_incomplete,v3.2.4,6,Klebsiella pneumoniae,strong,78,155376,360444,5701544,no,-,ST39,2,1,2,4,9,1,-,378-1LV,ybt 15; ICEKp11 (truncated),6,15,22,4,1,37,44,14,1,4,17*-55%,fyuA_262*-55%;fyuA_272*-55%;fyuA_273*-55%,0,-,-,-,-,-,-,-,-,-,-,-,-,-,-,-,-,-,0,-,-,-,-,-,-,-,0,-,-,-,-,-,-,0,-,-,-,-,-,1,fyuA_262*55%;fyuA_272*55%;fyuA_273*55%,-,aac(3)-IId^;strB.v1;aph3-Ia.v1^;strA.v1^,-,-,-,-,-,catA1^,-,sul1;sul2*,tet(A).v1,-,dfrA7,-,-,CTX-M-15,-,-,SHV-11^,SHV:p.Leu35Gln,-,-,-,-,-,1,7,11,wildtype S,90.99% S (N=5168/5680),"0^ QRDR, 0 PMQR, 0 aac(6`)-Ib-cr",0.25 mg/L [0.25-0.25],wzi62,KL62,Capsule null,Typeable,?2!,99.80%,-,OL2α.2,"O1αβ,2β",Typeable,-,99.46%,-
6723613e6a8e2b28817b939e,38264B1_complete,v3.2.4,6,Klebsiella pneumoniae,strong,1,5377086,5377086,5377086,no,-,ST39,2,1,2,4,9,1,14,378,ybt 15; ICEKp11,6,15,22,4,1,37,44,14,1,4,17,-,0,-,-,-,-,-,-,-,-,-,-,-,-,-,-,-,-,-,0,-,-,-,-,-,-,-,0,-,-,-,-,-,-,0,-,-,-,-,-,1,-,-,strB.v1;aph3-Ia.v1^;strA.v1^,-,-,-,-,-,catA1^,-,sul1;sul2*,tet(A).v1,-,dfrA7,-,-,-,-,-,SHV-11^,SHV:p.Leu35Gln,-,-,-,-,-,0,6,9,wildtype S,90.99% S (N=5168/5680),"0^ QRDR, 0 PMQR, 0 aac(6`)-Ib-cr",0.25 mg/L [0.25-0.25],wzi62,KL62,Capsule null,Typeable,!,99.80%,-,OL2α.2,"O1αβ,2β",Typeable,-,99.46%,-
6723613e6a8e2b2e717b937e,19106B1_incomplete,v3.2.4,6,Klebsiella pneumoniae,strong,22,1085518,1723797,5494829,no,-,ST37,2,9,2,1,13,1,16,174-1LV,ybt 9; ICEKp3,5,11,6,5,1,34,15,9,5,5,11*,-,0,-,-,-,-,-,-,-,-,-,-,-,-,-,-,-,-,-,0,-,-,-,-,-,-,-,0,-,-,-,-,-,-,0,-,-,-,-,-,1,-,-,aac(3)-IId^;strB.v1;strA.v1^,-,-,qnrS1,-,-,-,-,sul1;sul2,tet(A).v1,-,dfrA1.v1,LAP-2,-,CTX-M-14,-,-,SHV-11^,SHV:p.Leu35Gln,-,-,-,-,-,1,8,11,nonwildtype R,77.47% R (N=423/546),"0 QRDR, 1^ PMQR, 0 aac(6`)-Ib-cr",1 mg/L [1-2],wzi12,KL12,K12,Typeable,?3-,99.94%,KL12_17_glf;KL12_18_gnd,OL10,O10,Typeable,?4-,96.39%,OL10_02_wzm
6723613e6a8e2b2f947b9373,03880B1_complete,v3.2.4,6,Klebsiella pneumoniae,strong,1,5479189,5479189,5479189,no,-,ST1788,2,6,160,1,226,111,299,277,ybt 16; ICEKp12,6,15,5,4,11,33,23,2,11,4,2,-,0,-,-,-,-,-,-,-,-,-,-,-,-,-,-,-,-,-,0,-,-,-,-,-,-,-,0,-,-,-,-,-,-,0,-,-,-,-,-,1,-,-,-,-,-,-,-,-,-,-,-,-,-,-,-,-,-,-,-,SHV-232,SHV:p.Leu35Gln,-,-,-,-,-,0,0,0,wildtype S,90.99% S (N=5168/5680),"0^ QRDR, 0 PMQR, 0 aac(6`)-Ib-cr",0.25 mg/L [0.25-0.25],wzi2,KL2,K2,Typeable,-,99.79%,-,OL2α.2,"O1αβ,2β",Typeable,-,99.41%,-
6723613e6a8e2b35247b93a4,38466B1_complete,v3.2.4,6,Klebsiella pneumoniae,strong,3,5377046,5377046,5631016,no,-,ST39,2,1,2,4,9,1,14,378,ybt 15; ICEKp11,6,15,22,4,1,37,44,14,1,4,17,-,0,-,-,-,-,-,-,-,-,-,-,-,-,-,-,-,-,-,0,-,-,-,-,-,-,-,0,-,-,-,-,-,-,0,-,-,-,-,-,1,-,-,aac(3)-IId^;strB.v1;aph3-Ia.v1^;strA.v1^,-,-,-,-,-,catA1^,-,sul1;sul2*,tet(A).v1,-,dfrA7,-,-,CTX-M-15,-,-,SHV-11^,SHV:p.Leu35Gln,-,-,-,-,-,1,7,11,wildtype S,90.99% S (N=5168/5680),"0^ QRDR, 0 PMQR, 0 aac(6`)-Ib-cr",0.25 mg/L [0.25-0.25],wzi62,KL62,Capsule null,Typeable,!,99.80%,-,OL2α.2,"O1αβ,2β",Typeable,-,99.46%,-
6723613e6a8e2b35eb7b9379,17238B1_complete,v3.2.4,6,Klebsiella pneumoniae,strong,2,5220952,5220952,5448620,no,-,ST22,2,3,1,1,1,4,4,183-1LV,ybt 9; ICEKp3,5,11,6,5,1,25*,37,9,5,5,11,-,0,-,-,-,-,-,-,-,-,-,-,-,-,-,-,-,-,-,0,-,-,-,-,-,-,-,0,-,-,-,-,-,-,0,-,-,-,-,-,1,-,-,aadA^,-,-,-,-,-,-,-,sul1^;sul2,-,-,dfrA15.v2,-,-,-,-,-,SHV-11^;SHV-1^,SHV:p.Leu35Gln,-,-,-,-,-,0,3,4,wildtype S,90.99% S (N=5168/5680),"0^ QRDR, 0 PMQR, 0 aac(6`)-Ib-cr",0.25 mg/L [0.25-0.25],wzi9,KL9,K9,Typeable,-,99.97%,-,OL2α.2,O2β,Typeable,-,99.05%,-
6723613e6a8e2b36de7b93da,BS26904I1_complete,v3.2.4,6,Klebsiella pneumoniae,strong,3,5248625,5248625,5395312,no,-,ST2258,4,1,11,1,9,10,9,0,-,-,-,-,-,-,-,-,-,-,-,-,-,0,-,-,-,-,-,-,-,-,-,-,-,-,-,-,-,-,-,0,-,-,-,-,-,-,-,0,-,-,-,-,-,-,0,-,-,-,-,-,0,-,-,-,-,-,-,-,-,-,-,-,-,-,-,-,-,-,-,-,SHV-11^,SHV:p.Leu35Gln,-,-,-,-,-,0,0,0,wildtype S,90.99% S (N=5168/5680),"0^ QRDR, 0 PMQR, 0 aac(6`)-Ib-cr",0.25 mg/L [0.25-0.25],wzi516,KL131,unknown (KL131),Typeable,!,99.88%,-,OL4,O4,Typeable,-,99.57%,-
6723613e6a8e2b388b7b939a,38077B1_incomplete,v3.2.4,6,Klebsiella pneumoniae,strong,15,2943356,2943356,5662733,no,-,ST3405-1LV,3,20,101,1,1,4,4,0,-,-,-,-,-,-,-,-,-,-,-,-,-,0,-,-,-,-,-,-,-,-,-,-,-,-,-,-,-,-,-,0,-,-,-,-,-,-,-,0,-,-,-,-,-,-,0,-,-,-,-,-,0,-,-,aac(3)-IIa.v1^;strB.v1;strA.v1^;aac(6')-Ib-cr.v2*,-,-,qnrB1.v2^;aac(6')-Ib-cr.v2*,-,-,-,-,sul2,tet(A).v1,-,dfrA14.v2*,OXA-1,-,CTX-M-15,-,-,SHV-11^,SHV:p.Leu35Gln,-,-,-,fosA7*?-0%,catB3.v1?-70%,1,8,12,nonwildtype R,94.63% R (N=776/820),"0 QRDR, 1 PMQR, 1 aac(6`)-Ib-cr",2 mg/L [1-2],wzi115,KL54,K54,Typeable,?3,99.78%,-,OL2α.2,"O1αβ,2β",Typeable,-,99.44%,-
6723613e6a8e2b3ab47b9384,25849B1_complete,v3.2.4,6,Klebsiella pneumoniae,strong,4,5262444,5262444,5631572,no,-,ST22,2,3,1,1,1,4,4,195,ybt 8; ICEKp9,5,11,6,5,1,99,138,9,29,5,79,-,0,-,-,-,-,-,-,-,-,-,-,-,-,-,-,-,-,-,0,-,-,-,-,-,-,-,0,-,-,-,-,-,-,0,-,-,-,-,-,1,-,-,aac(3)-IIa.v1^;strB.v1;strA.v1^;aac(6')-Ib-cr.v2,-,-,qnrB1.v2^;aac(6')-Ib-cr.v2,-,-,-,-,sul2,tet(A).v1,-,dfrA14.v2*,OXA-1,-,CTX-M-15,-,-,SHV-1^,-,-,-,-,-,catB3.v1?-70%,1,8,12,nonwildtype R,94.63% R (N=776/820),"0 QRDR, 1 PMQR, 1 aac(6`)-Ib-cr",2 mg/L [1-2],wzi9,KL9,K9,Typeable,-,99.99%,-,OL2α.2,O2β,Typeable,-,99.09%,-
6723613e6a8e2b40067b93d7,BS22705I1_complete,v3.2.4,6,Klebsiella pneumoniae,strong,3,5177270,5177270,5468904,no,-,ST2171,2,6,1,1,4,4,4,0,-,-,-,-,-,-,-,-,-,-,-,-,-,0,-,-,-,-,-,-,-,-,-,-,-,-,-,-,-,-,-,0,-,-,-,-,-,-,-,0,-,-,-,-,-,-,0,-,-,-,-,-,0,-,-,aac(3)-IIa.v1;aac(3)-IId^;strB.v1*;strA.v1*,-,-,-,-,-,catII.2*,-,sul2,tet(D),-,dfrA14.v2*,-,-,CTX-M-15;CTX-M-15,-,-,SHV-11^,SHV:p.Leu35Gln,-,-,-,-,-,1,7,12,wildtype S,90.99% S (N=5168/5680),"0^ QRDR, 0 PMQR, 0 aac(6`)-Ib-cr",0.25 mg/L [0.25-0.25],wzi50,KL15,K15,Typeable,-,99.96%,-,OL4,O4,Typeable,-,99.49%,-
6723613e6a8e2b40787b93c8,43515B1_complete,v3.2.4,6,Klebsiella pneumoniae,strong,4,5378102,5378102,5636723,no,-,ST39,2,1,2,4,9,1,14,378,ybt 15; ICEKp11,6,15,22,4,1,37,44,14,1,4,17,-,0,-,-,-,-,-,-,-,-,-,-,-,-,-,-,-,-,-,0,-,-,-,-,-,-,-,0,-,-,-,-,-,-,0,-,-,-,-,-,1,-,-,aac(3)-IId^;strB.v1;aph3-Ia.v1^;strA.v1^,-,-,-,-,-,catA1^,-,sul1;sul2*,tet(A).v1,-,dfrA7,-,-,CTX-M-15,-,-,SHV-11^,SHV:p.Leu35Gln,-,-,-,-,-,1,7,11,wildtype S,90.99% S (N=5168/5680),"0^ QRDR, 0 PMQR, 0 aac(6`)-Ib-cr",0.25 mg/L [0.25-0.25],wzi62,KL62,Capsule null,Typeable,!,99.80%,-,OL2α.2,"O1αβ,2β",Typeable,-,99.46%,-
6723613e6a8e2b41e47b93cd,BN06584I1_complete,v3.2.4,6,Klebsiella pneumoniae,strong,1,5140083,5140083,5140083,no,-,ST1446,4,3,1,36,9,1,14,0,-,-,-,-,-,-,-,-,-,-,-,-,-,0,-,-,-,-,-,-,-,-,-,-,-,-,-,-,-,-,-,0,-,-,-,-,-,-,-,0,-,-,-,-,-,-,0,-,-,-,-,-,0,-,-,-,-,-,-,-,-,-,-,-,-,-,-,-,-,-,-,-,SHV-27,SHV:p.Gly156Asp,-,-,-,-,-,0,0,0,wildtype S,90.99% S (N=5168/5680),"0^ QRDR, 0 PMQR, 0 aac(6`)-Ib-cr",0.25 mg/L [0.25-0.25],wzi39,KL39,K39,Typeable,-,99.97%,-,OL3γ,O3γ,Typeable,-,99.97%,-
6723613e6a8e2b44187b936e,26NOV7-2-24_complete,v3.2.4,6,Klebsiella pneumoniae,strong,1,5376835,5376835,5376835,no,-,ST39,2,1,2,4,9,1,14,378,ybt 15; ICEKp11,6,15,22,4,1,37,44,14,1,4,17,-,0,-,-,-,-,-,-,-,-,-,-,-,-,-,-,-,-,-,0,-,-,-,-,-,-,-,0,-,-,-,-,-,-,0,-,-,-,-,-,1,-,-,strB.v1;aph3-Ia.v1^;strA.v1^,-,-,-,-,-,catA1^,-,sul1;sul2*,tet(A).v1,-,dfrA7,-,-,-,-,-,SHV-11^,SHV:p.Leu35Gln,-,-,-,-,-,0,6,9,wildtype S,90.99% S (N=5168/5680),"0^ QRDR, 0 PMQR, 0 aac(6`)-Ib-cr",0.25 mg/L [0.25-0.25],wzi62,KL62,Capsule null,Typeable,!,99.80%,-,OL2α.2,"O1αβ,2β",Typeable,-,99.46%,-
6723613e6a8e2b45a27b93c2,43479B1_complete,v3.2.4,6,Klebsiella pneumoniae,strong,4,5370904,5370904,5629524,no,-,ST39,2,1,2,4,9,1,14,378,ybt 15; ICEKp11,6,15,22,4,1,37,44,14,1,4,17,-,0,-,-,-,-,-,-,-,-,-,-,-,-,-,-,-,-,-,0,-,-,-,-,-,-,-,0,-,-,-,-,-,-,0,-,-,-,-,-,1,-,-,aac(3)-IId^;strB.v1;aph3-Ia.v1^;strA.v1^,-,-,-,-,-,catA1^,-,sul1;sul2*,tet(A).v1,-,dfrA7,-,-,CTX-M-15,-,-,SHV-11^,SHV:p.Leu35Gln,-,-,-,-,-,1,7,11,wildtype S,90.99% S (N=5168/5680),"0^ QRDR, 0 PMQR, 0 aac(6`)-Ib-cr",0.25 mg/L [0.25-0.25],wzi62,KL62,Capsule null,Typeable,!,99.80%,-,OL2α.2,"O1αβ,2β",Typeable,-,99.46%,-
6723613e6a8e2b47627b9372,03005B1_complete,v3.2.4,6,Klebsiella pneumoniae,strong,3,5196138,5196138,5498471,no,-,ST86,9,4,2,1,1,1,27,0,-,-,-,-,-,-,-,-,-,-,-,-,-,0,-,-,-,-,-,-,-,-,-,-,-,-,-,-,-,-,-,1,iuc 1,1,1,1,1,1,-,1,iro 1,1,1,1,1,-,26-1LV,rmp 1; KpVP-1,2*,2,2,-,3,-,rmpA2_8*-47%,strB.v1*;strA.v1*,-,-,-,-,-,catII.2*,-,sul2,-,-,dfrA14.v2*,-,-,-,-,-,SHV-1^,-,-,-,-,-,-,0,5,6,wildtype S,90.99% S (N=5168/5680),"0^ QRDR, 0 PMQR, 0 aac(6`)-Ib-cr",0.25 mg/L [0.25-0.25],wzi2,KL2,K2,Typeable,-,99.85%,-,OL2α.1,"O1αβ,2α",Typeable,-,99.30%,-
6723613e6a8e2b49af7b93b6,38833B1_complete,v3.2.4,6,Klebsiella pneumoniae,strong,3,5377047,5377047,5631017,no,-,ST39,2,1,2,4,9,1,14,378,ybt 15; ICEKp11,6,15,22,4,1,37,44,14,1,4,17,-,0,-,-,-,-,-,-,-,-,-,-,-,-,-,-,-,-,-,0,-,-,-,-,-,-,-,0,-,-,-,-,-,-,0,-,-,-,-,-,1,-,-,aac(3)-IId^;strB.v1;aph3-Ia.v1^;strA.v1^,-,-,-,-,-,catA1^,-,sul1;sul2*,tet(A).v1,-,dfrA7,-,-,CTX-M-15,-,-,SHV-11^,SHV:p.Leu35Gln,-,-,-,-,-,1,7,11,wildtype S,90.99% S (N=5168/5680),"0^ QRDR, 0 PMQR, 0 aac(6`)-Ib-cr",0.25 mg/L [0.25-0.25],wzi62,KL62,Capsule null,Typeable,!,99.80%,-,OL2α.2,"O1αβ,2β",Typeable,-,99.46%,-
6723613e6a8e2b4c0d7b936f,52_i_09-01-24_complete,v3.2.4,6,Klebsiella pneumoniae,strong,6,5377306,5377306,5635922,no,-,ST39,2,1,2,4,9,1,14,378,ybt 15; ICEKp11,6,15,22,4,1,37,44,14,1,4,17,-,0,-,-,-,-,-,-,-,-,-,-,-,-,-,-,-,-,-,0,-,-,-,-,-,-,-,0,-,-,-,-,-,-,0,-,-,-,-,-,1,-,-,aac(3)-IId^;strB.v1;aph3-Ia.v1^;strA.v1^,-,-,-,-,-,catA1^,-,sul1;sul2*,tet(A).v1,-,dfrA7,-,-,CTX-M-15,-,-,SHV-11^,SHV:p.Leu35Gln,-,-,-,-,-,1,7,11,wildtype S,90.99% S (N=5168/5680),"0^ QRDR, 0 PMQR, 0 aac(6`)-Ib-cr",0.25 mg/L [0.25-0.25],wzi62,KL62,Capsule null,Typeable,!,99.80%,-,OL2α.2,"O1αβ,2β",Typeable,-,99.46%,-
6723613e6a8e2b4d427b93a6,38513B1_complete,v3.2.4,6,Klebsiella pneumoniae,strong,2,5407618,5407618,5617641,no,-,ST1552,2,1,2,1,3,25,2,183-1LV,ybt 9; ICEKp3,5,11,6,5,1,25*,37,9,5,5,11,-,0,-,-,-,-,-,-,-,-,-,-,-,-,-,-,-,-,-,0,-,-,-,-,-,-,-,0,-,-,-,-,-,-,0,-,-,-,-,-,1,-,-,aac(3)-IIa.v1;aadA^,-,-,qnrS1,-,-,-,-,sul1^,tet(A).v1,-,dfrA15.v2,-,-,CTX-M-15,-,-,SHV-11^,SHV:p.Leu35Gln,-,-,-,-,-,1,7,8,nonwildtype R,77.47% R (N=423/546),"0 QRDR, 1^ PMQR, 0 aac(6`)-Ib-cr",1 mg/L [1-2],wzi119,KL25,K25,Typeable,!,99.58%,-,OL2α.1,"O1αβ,2α",Typeable,-,98.80%,-
6723613e6a8e2b4def7b9391,37699B1_incomplete,v3.2.4,6,Klebsiella pneumoniae,strong,117,94011,244757,5313361,no,-,ST25,2,1,1,1,10,4,13,0,ybt unknown,6,15,5*-62%,4,11,33*,23*-45%,-,-,-,2*-0%,irp1_533*-45%;fyuA_262*-0%;fyuA_272*-0%;fyuA_273*-0%,0,-,-,-,-,-,-,-,-,-,-,-,-,-,-,-,-,-,0,-,-,-,-,-,-,-,0,-,-,-,-,-,-,0,-,-,-,-,-,1,irp1_533*45%;fyuA_262*0%;fyuA_272*0%;fyuA_273*0%,-,aac(3)-IIa.v1^;strA.v1;aac(6')-Ib-cr.v2,-,-,qnrS1;aac(6')-Ib-cr.v2,-,-,-,-,sul2*,tet(D),-,dfrA15.v2,OXA-1,-,CTX-M-15,-,-,SHV-1^,-,-,-,GyrA:p.Ser83Ile;ParC:p.Ser80Ile,LAP-2*-19%;sul1*-22%;strB.v1*-18%;aph3-Ia.v1*?-0%,catB3.v1?-70%,1,7,10,nonwildtype R,99.22% R (N=2424/2443),">0 QRDR, >0 PMQR, * aac(6`)-Ib-cr",4 mg/L [4-4],wzi72,KL2,Capsule null,Typeable,!,98.36%,-,OL2α.2,"O1αβ,2β",Typeable,-,99.55%,-
6723613e6a8e2b4f087b9378,09478B1_complete,v3.2.4,6,Klebsiella pneumoniae,strong,5,5480983,5480983,5728743,no,-,ST1788,2,6,160,1,226,111,299,277,ybt 16; ICEKp12,6,15,5,4,11,33,23,2,11,4,2,-,0,-,-,-,-,-,-,-,-,-,-,-,-,-,-,-,-,-,0,-,-,-,-,-,-,-,0,-,-,-,-,-,-,0,-,-,-,-,-,1,-,-,aac(3)-IIa.v1;strB.v1,-,-,-,-,-,-,-,sul2,-,-,dfrA14.v2,-,-,CTX-M-15,-,-,SHV-232,SHV:p.Leu35Gln,-,-,-,-,strA.v1*?-66%,1,5,6,wildtype S,90.99% S (N=5168/5680),"0^ QRDR, 0 PMQR, 0 aac(6`)-Ib-cr",0.25 mg/L [0.25-0.25],wzi2,KL2,K2,Typeable,?2,99.80%,-,OL2α.2,"O1αβ,2β",Typeable,-,99.41%,-
6723613e6a8e2b50b67b93ab,38619B1_incomplete,v3.2.4,6,Klebsiella pneumoniae,strong,32,640494,1609630,5787480,no,-,ST37,2,9,2,1,13,1,16,463-2LV,ybt 4; plasmid (truncated),75,34,37,44*-13%,47,104,227,25*-41%,23,45,118,-,0,-,-,-,-,-,-,-,-,-,-,-,-,-,-,-,-,-,0,-,-,-,-,-,-,-,0,-,-,-,-,-,-,0,-,-,-,-,-,1,-,-,-,-,-,-,-,-,-,-,-,-,-,-,-,-,-,-,-,SHV-11^,SHV:p.Leu35Gln,-,-,-,-,-,0,0,0,wildtype S,90.99% S (N=5168/5680),"0^ QRDR, 0 PMQR, 0 aac(6`)-Ib-cr",0.25 mg/L [0.25-0.25],wzi50,KL15,K15,Typeable,-,99.49%,-,OL4,O4,Typeable,!,99.45%,-
6723613e6a8e2b54387b93bd,43365B1_complete,v3.2.4,6,Klebsiella pneumoniae,strong,4,5378054,5378054,5636674,no,-,ST39,2,1,2,4,9,1,14,378,ybt 15; ICEKp11,6,15,22,4,1,37,44,14,1,4,17,-,0,-,-,-,-,-,-,-,-,-,-,-,-,-,-,-,-,-,0,-,-,-,-,-,-,-,0,-,-,-,-,-,-,0,-,-,-,-,-,1,-,-,aac(3)-IId^;strB.v1;aph3-Ia.v1^;strA.v1^,-,-,-,-,-,catA1^,-,sul1;sul2*,tet(A).v1,-,dfrA7,-,-,CTX-M-15,-,-,SHV-11^,SHV:p.Leu35Gln,-,-,-,-,-,1,7,11,wildtype S,90.99% S (N=5168/5680),"0^ QRDR, 0 PMQR, 0 aac(6`)-Ib-cr",0.25 mg/L [0.25-0.25],wzi62,KL62,Capsule null,Typeable,!,99.80%,-,OL2α.2,"O1αβ,2β",Typeable,-,99.46%,-
6723613e6a8e2b54ee7b93d5,BS22105I1_complete,v3.2.4,6,Klebsiella pneumoniae,strong,3,5204468,5204468,5408811,no,-,ST890,2,1,1,8,10,4,61,0,-,-,-,-,-,-,-,-,-,-,-,-,-,0,-,-,-,-,-,-,-,-,-,-,-,-,-,-,-,-,-,0,-,-,-,-,-,-,-,0,-,-,-,-,-,-,0,-,-,-,-,-,0,-,-,-,-,-,-,-,-,-,-,-,-,-,-,-,-,-,-,-,SHV-232^,SHV:p.Leu35Gln,-,-,-,-,-,0,0,0,wildtype S,90.99% S (N=5168/5680),"0^ QRDR, 0 PMQR, 0 aac(6`)-Ib-cr",0.25 mg/L [0.25-0.25],wzi552,KL186,unknown (KL186),Typeable,-,99.99%,-,OL14,unknown (OL14),Typeable,-!,95.08%,OL14_06_rhamnan;OL14_08_wzt;OL14_05_wbbL;OL14_07_wzm
6723613e6a8e2b560c7b9383,24514B1_complete,v3.2.4,6,Klebsiella pneumoniae,strong,3,5281575,5281575,5567380,no,-,ST503-1LV,2,1,19,1,10,4,40,0,-,-,-,-,-,-,-,-,-,-,-,-,-,0,-,-,-,-,-,-,-,-,-,-,-,-,-,-,-,-,-,0,-,-,-,-,-,-,-,0,-,-,-,-,-,-,0,-,-,-,-,-,0,-,-,-,-,-,-,-,-,-,-,-,-,-,-,-,-,-,-,-,SHV-11^,SHV:p.Leu35Gln,-,-,-,-,-,0,0,0,wildtype S,90.99% S (N=5168/5680),"0^ QRDR, 0 PMQR, 0 aac(6`)-Ib-cr",0.25 mg/L [0.25-0.25],-,KL48,K48,Typeable,-,97.53%,-,OL2α.2,O2β,Typeable,-,99.59%,-
6723613e6a8e2b57017b93be,43409B1_complete,v3.2.4,6,Klebsiella pneumoniae,strong,4,5373028,5373028,5631645,no,-,ST39,2,1,2,4,9,1,14,378,ybt 15; ICEKp11,6,15,22,4,1,37,44,14,1,4,17,-,0,-,-,-,-,-,-,-,-,-,-,-,-,-,-,-,-,-,0,-,-,-,-,-,-,-,0,-,-,-,-,-,-,0,-,-,-,-,-,1,-,-,aac(3)-IId^;strB.v1;aph3-Ia.v1^;strA.v1^,-,-,-,-,-,catA1^,-,sul1;sul2*,tet(A).v1,-,dfrA7,-,-,CTX-M-15,-,-,SHV-11^,SHV:p.Leu35Gln,-,-,-,-,-,1,7,11,wildtype S,90.99% S (N=5168/5680),"0^ QRDR, 0 PMQR, 0 aac(6`)-Ib-cr",0.25 mg/L [0.25-0.25],wzi62,KL62,Capsule null,Typeable,!,99.80%,-,OL2α.2,"O1αβ,2β",Typeable,-,99.46%,-
6723613e6a8e2b5a777b9382,20254B1_complete,v3.2.4,6,Klebsiella pneumoniae,strong,1,5133838,5133838,5133838,no,-,ST502,2,53,3,1,10,4,18,0,-,-,-,-,-,-,-,-,-,-,-,-,-,0,-,-,-,-,-,-,-,-,-,-,-,-,-,-,-,-,-,0,-,-,-,-,-,-,-,0,-,-,-,-,-,-,0,-,-,-,-,-,0,-,-,-,-,-,-,-,-,-,-,-,-,-,-,-,-,-,-,-,SHV-62,SHV:p.Leu35Gln,-,-,-,-,-,0,0,0,wildtype S,90.99% S (N=5168/5680),"0^ QRDR, 0 PMQR, 0 aac(6`)-Ib-cr",0.25 mg/L [0.25-0.25],wzi50,KL15,K15,Typeable,-,99.93%,-,OL4,O4,Typeable,-,99.56%,-
6723613e6a8e2b5d0d7b938b,29854B1_complete,v3.2.4,6,Klebsiella pneumoniae,strong,2,5210068,5210068,5357997,no,-,ST327,2,1,1,1,10,1,19,0,-,-,-,-,-,-,-,-,-,-,-,-,-,0,-,-,-,-,-,-,-,-,-,-,-,-,-,-,-,-,-,0,-,-,-,-,-,-,-,0,-,-,-,-,-,-,0,-,-,-,-,-,0,-,-,aadA2,-,-,-,-,-,-,-,sul1;sul2,-,-,dfrA16.v2,-,-,-,-,-,SHV-1^,-,-,-,-,-,-,0,4,5,wildtype S,90.99% S (N=5168/5680),"0^ QRDR, 0 PMQR, 0 aac(6`)-Ib-cr",0.25 mg/L [0.25-0.25],wzi39,KL39,K39,Typeable,-,99.54%,-,OL2α.1,"O1αβ,2α",Typeable,-,99.00%,-
6723613e6a8e2b5db97b938e,36250B1_complete,v3.2.4,6,Klebsiella pneumoniae,strong,1,5259534,5259534,5259534,no,-,ST530,2,39,2,1,1,4,24,303-1LV,ybt 13; ICEKp2,6,4,20,61,1,253,299,2,76,4,2,-,0,-,-,-,-,-,-,-,-,-,-,-,-,-,-,-,-,-,0,-,-,-,-,-,-,-,0,-,-,-,-,-,-,0,-,-,-,-,-,1,-,-,-,-,-,-,-,-,-,-,-,-,-,-,-,-,-,-,-,SHV-1^,-,-,-,-,-,-,0,0,0,wildtype S,90.99% S (N=5168/5680),"0^ QRDR, 0 PMQR, 0 aac(6`)-Ib-cr",0.25 mg/L [0.25-0.25],wzi62,KL62,K62,Typeable,!,99.77%,-,OL2α.2,"O1αβ,2β",Typeable,-,99.47%,-
6723613e6a8e2b60717b93a0,38279B1_incomplete,v3.2.4,6,Klebsiella pneumoniae,strong,1228,4664,38310,5119809,no,N50,NA,-,6*,160,-,226*,-,299,277-5LV,ybt 16; ICEKp12 (incomplete) (truncated),6,-,5*-60%,4,11,228*-44%,23*-0%,2,11*-0%,4,2,ybtQ_178*-58%;irp1_533*-0%;ybtT_45*-45%;ybtT_64*-45%;ybtT_102*-0%;ybtT_102*-45%;ybtT_113*-0%;ybtT_113*-45%,0,-,-,-,-,-,-,-,-,-,-,-,-,-,-,-,-,-,0,-,-,-,-,-,-,-,0,-,-,-,-,-,-,0,-,-,-,-,-,1,ybtQ_178*58%;irp1_533*0%;ybtT_45*45%;ybtT_64*45%;ybtT_102*0%;ybtT_102*45%;ybtT_113*0%;ybtT_113*45%,-,-,-,-,-,-,-,-,-,-,-,-,-,-,TEM-34?,CTX-M-15,-,-,-,-,-,pmrb:c.G1050del,-,TEM-34*?-0%,-,1,3,2,wildtype S,90.99% S (N=5168/5680),"0^ QRDR, 0 PMQR, 0 aac(6`)-Ib-cr",0.25 mg/L [0.25-0.25],-,KL2,K2,Typeable,?7+,99.22%,-,OL2α.2,"O1αβ,2β",Typeable,?2-!,99.12%,OL2α.2_02_wzt;OL2α.2_01_wzm
6723613e6a8e2b61527b93d8,BS24772I1_complete,v3.2.4,6,Klebsiella pneumoniae,strong,3,5394126,5394126,5624946,no,-,ST218,2,3,1,1,9,4,12,183-2LV,ybt 9; ICEKp3,5,11,6,5,1,25*,37*,9,5,5,11,-,0,-,-,-,-,-,-,-,-,-,-,-,-,-,-,-,-,-,0,-,-,-,-,-,-,-,0,-,-,-,-,-,-,0,-,-,-,-,-,1,-,-,-,-,-,-,-,-,-,-,sul2,-,-,dfrA15.v2,-,-,-,-,-,SHV-11^;SHV-1^,SHV:p.Leu35Gln,-,-,-,-,-,0,2,2,wildtype S,90.99% S (N=5168/5680),"0^ QRDR, 0 PMQR, 0 aac(6`)-Ib-cr",0.25 mg/L [0.25-0.25],wzi77,KL57,K57,Typeable,-,99.55%,-,OL2α.2,O2β,Typeable,-,99.36%,-
6723613e6a8e2b67a57b93d9,BS26033I1_complete,v3.2.4,6,Klebsiella pneumoniae,strong,2,5061041,5061041,5267252,no,-,ST592,2,3,6,1,9,4,13,0,-,-,-,-,-,-,-,-,-,-,-,-,-,0,-,-,-,-,-,-,-,-,-,-,-,-,-,-,-,-,-,75,iuc 1,1,1,1,1,36,-,40,iro 1,1,1,1,31,-,26,rmp 1; KpVP-1,2,2,2,-,3,-,rmpA2_8*-47%,-,-,-,-,-,-,-,-,-,-,-,-,-,-,-,-,-,SHV-26,-,-,-,-,-,-,0,0,0,wildtype S,90.99% S (N=5168/5680),"0^ QRDR, 0 PMQR, 0 aac(6`)-Ib-cr",0.25 mg/L [0.25-0.25],wzi206,KL57,K57,Typeable,!,99.89%,-,OL3γ,O3γ,Typeable,-,99.66%,-
6723613e6a8e2b6a867b93d4,BS20714I1_incomplete,v3.2.4,6,Klebsiella pneumoniae,strong,46,242243,633971,5434536,no,-,ST661-1LV,4,3,-,36,9,10,14,0,-,-,-,-,-,-,-,-,-,-,-,-,-,0,-,-,-,-,-,-,-,-,-,-,-,-,-,-,-,-,-,0,-,-,-,-,-,-,-,0,-,-,-,-,-,-,0,-,-,-,-,-,0,-,-,-,-,-,-,-,-,-,-,-,-,-,-,-,-,-,-,-,SHV-27,SHV:p.Gly156Asp,-,-,-,-,-,0,0,0,wildtype S,90.99% S (N=5168/5680),"0^ QRDR, 0 PMQR, 0 aac(6`)-Ib-cr",0.25 mg/L [0.25-0.25],wzi373,KL140,unknown (KL140),Typeable,!,99.95%,-,OL2α.2,O2β,Typeable,-,99.09%,-
6723613e6a8e2b6b977b9398,37998B1_incomplete,v3.2.4,6,Klebsiella pneumoniae,strong,341,32785,226325,5717335,no,-,ST25,2,1,1,1,10,4,13,277-2LV,ybt 16; ICEKp12 (truncated),6,15,5,4,11,33*-0%,23,2,11,4,2*-0%,-,0,-,-,-,-,-,-,-,-,-,-,-,-,-,-,-,-,-,0,-,-,-,-,-,-,-,0,-,-,-,-,-,-,0,-,-,-,-,-,1,-,-,aac(3)-IIa.v1^;strB.v1;strA.v1;aac(6')-Ib-cr.v2,-,-,qnrS1;aac(6')-Ib-cr.v2,-,-,catA1*,-,sul1;sul2,tet(D),-,dfrA15.v2,LAP-2;OXA-1,-,CTX-M-15,-,-,SHV-1^,-,-,-,GyrA:p.Ser83Ile;ParC:p.Ser80Ile,aph3-Ia.v1*?-0%,catB3.v1?-70%,1,8,14,nonwildtype R,99.22% R (N=2424/2443),">0 QRDR, >0 PMQR, * aac(6`)-Ib-cr",4 mg/L [4-4],wzi72,KL2,K2,Typeable,?3,99.55%,-,OL2α.2,O2β,Typeable,?3!,99.63%,-
6723613e6a8e2b6c537b93cb,44211B1_complete,v3.2.4,6,Klebsiella pneumoniae,strong,4,5370909,5370909,5629527,no,-,ST39,2,1,2,4,9,1,14,378,ybt 15; ICEKp11,6,15,22,4,1,37,44,14,1,4,17,-,0,-,-,-,-,-,-,-,-,-,-,-,-,-,-,-,-,-,0,-,-,-,-,-,-,-,0,-,-,-,-,-,-,0,-,-,-,-,-,1,-,-,aac(3)-IId^;strB.v1;aph3-Ia.v1^;strA.v1^,-,-,-,-,-,catA1^,-,sul1;sul2*,tet(A).v1,-,dfrA7,-,-,CTX-M-15,-,-,SHV-11^,SHV:p.Leu35Gln,-,-,-,-,-,1,7,11,wildtype S,90.99% S (N=5168/5680),"0^ QRDR, 0 PMQR, 0 aac(6`)-Ib-cr",0.25 mg/L [0.25-0.25],wzi62,KL62,Capsule null,Typeable,!,99.80%,-,OL2α.2,"O1αβ,2β",Typeable,-,99.46%,-
6723613e6a8e2b6d347b93a5,38488B1_complete,v3.2.4,6,Klebsiella pneumoniae,strong,2,5407617,5407617,5617641,no,-,ST1552,2,1,2,1,3,25,2,183-1LV,ybt 9; ICEKp3,5,11,6,5,1,25*,37,9,5,5,11,-,0,-,-,-,-,-,-,-,-,-,-,-,-,-,-,-,-,-,0,-,-,-,-,-,-,-,0,-,-,-,-,-,-,0,-,-,-,-,-,1,-,-,aac(3)-IIa.v1;aadA^,-,-,qnrS1,-,-,-,-,sul1^,tet(A).v1,-,dfrA15.v2,-,-,CTX-M-15,-,-,SHV-11^,SHV:p.Leu35Gln,-,-,-,-,-,1,7,8,nonwildtype R,77.47% R (N=423/546),"0 QRDR, 1^ PMQR, 0 aac(6`)-Ib-cr",1 mg/L [1-2],wzi119,KL25,K25,Typeable,!,99.58%,-,OL2α.1,"O1αβ,2α",Typeable,-,98.80%,-
6723613e6a8e2b6d8c7b93b4,38826B1_complete,v3.2.4,6,Klebsiella pneumoniae,strong,9,5374307,5374307,5655792,no,-,ST39,2,1,2,4,9,1,14,378,ybt 15; ICEKp11,6,15,22,4,1,37,44,14,1,4,17,-,0,-,-,-,-,-,-,-,-,-,-,-,-,-,-,-,-,-,0,-,-,-,-,-,-,-,0,-,-,-,-,-,-,0,-,-,-,-,-,1,-,-,aac(3)-IId^;strB.v1;aph3-Ia.v1^;strA.v1^,-,-,-,-,-,catA1^,-,sul1;sul2*,tet(A).v1;tet(A).v1,-,dfrA7,-,-,CTX-M-15,-,-,SHV-11^,SHV:p.Leu35Gln,-,-,-,-,-,1,7,12,wildtype S,90.99% S (N=5168/5680),"0^ QRDR, 0 PMQR, 0 aac(6`)-Ib-cr",0.25 mg/L [0.25-0.25],wzi62,KL2,Capsule null,Typeable,-+!,97.39%,KL2_05_wzb,OL2α.2,"O1αβ,2β",Typeable,-,99.46%,-
6723613e6a8e2b6e057b93b2,38816B1_complete,v3.2.4,6,Klebsiella pneumoniae,strong,7,5375948,5375948,5554788,no,-,ST39,2,1,2,4,9,1,14,378,ybt 15; ICEKp11,6,15,22,4,1,37,44,14,1,4,17,-,0,-,-,-,-,-,-,-,-,-,-,-,-,-,-,-,-,-,0,-,-,-,-,-,-,-,0,-,-,-,-,-,-,0,-,-,-,-,-,1,-,-,strB.v1;aph3-Ia.v1^;strA.v1^,-,-,-,-,-,catA1^,-,sul1;sul2*,tet(A).v1,-,dfrA7,-,-,-,-,-,SHV-11^,SHV:p.Leu35Gln,-,-,-,-,-,0,6,9,wildtype S,90.99% S (N=5168/5680),"0^ QRDR, 0 PMQR, 0 aac(6`)-Ib-cr",0.25 mg/L [0.25-0.25],wzi62,KL62,Capsule null,Typeable,!,99.80%,-,OL2α.2,"O1αβ,2β",Typeable,!,99.44%,-
6723613e6a8e2b6f487b9389,29563B1_1_complete,v3.2.4,6,Klebsiella pneumoniae,strong,4,5133823,5133823,5402179,no,-,ST502,2,53,3,1,10,4,18,0,-,-,-,-,-,-,-,-,-,-,-,-,-,0,-,-,-,-,-,-,-,-,-,-,-,-,-,-,-,-,-,0,-,-,-,-,-,-,-,0,-,-,-,-,-,-,0,-,-,-,-,-,0,-,-,-,-,-,-,-,-,-,-,-,-,-,-,-,-,-,-,-,SHV-62,SHV:p.Leu35Gln,-,-,-,-,-,0,0,0,wildtype S,90.99% S (N=5168/5680),"0^ QRDR, 0 PMQR, 0 aac(6`)-Ib-cr",0.25 mg/L [0.25-0.25],wzi50,KL15,K15,Typeable,-,99.93%,-,OL4,O4,Typeable,-,99.56%,-
6723613e6a8e2b713d7b93cc,BN02203I1_complete,v3.2.4,6,Klebsiella pneumoniae,strong,6,5216599,5216599,5950883,no,-,ST161-1LV,2,1,2,1,1,4,271,0,-,-,-,-,-,-,-,-,-,-,-,-,-,0,-,-,-,-,-,-,-,-,-,-,-,-,-,-,-,-,-,0,-,-,-,-,-,-,-,0,-,-,-,-,-,-,0,-,-,-,-,-,0,-,-,aac(3)-IIa.v1^;strB.v1;strA.v1^;aac(6')-Ib-cr.v2,-,-,qnrB1.v2^;aac(6')-Ib-cr.v2,-,-,catA1*,-,sul2,-,-,dfrA14.v2*,OXA-1,-,CTX-M-15;CTX-M-15,-,-,SHV-218,-,-,-,-,tet(A).v1*-3%;ant(3'')-IIa*-11%,catB3.v1?-70%,1,8,13,nonwildtype R,94.63% R (N=776/820),"0 QRDR, 1 PMQR, 1 aac(6`)-Ib-cr",2 mg/L [1-2],wzi501,KL145,unknown (KL145),Typeable,-+!,95.04%,KL145_14_wcuM;KL145_09_wclI;KL145_17_wzx;KL145_13_wzy;KL145_11_wckF;KL145_16_wcuH;KL145_12;KL145_10_wcuR;KL145_15;KL145_08,OL14,unknown (OL14),Untypeable,-,95.28%,OL14_04_rfbC;OL14_05_wbbL;OL14_07_wzm;OL14_08_wzt;OL14_06_rhamnan
6723613e6a8e2b71a07b93ac,38680B1_complete,v3.2.4,6,Klebsiella pneumoniae,strong,4,5377048,5377048,5635670,no,-,ST39,2,1,2,4,9,1,14,378,ybt 15; ICEKp11,6,15,22,4,1,37,44,14,1,4,17,-,0,-,-,-,-,-,-,-,-,-,-,-,-,-,-,-,-,-,0,-,-,-,-,-,-,-,0,-,-,-,-,-,-,0,-,-,-,-,-,1,-,-,aac(3)-IId^;strB.v1;aph3-Ia.v1^;strA.v1^,-,-,-,-,-,catA1^,-,sul1;sul2*,tet(A).v1,-,dfrA7,-,-,CTX-M-15,-,-,SHV-11^,SHV:p.Leu35Gln,-,-,-,-,-,1,7,11,wildtype S,90.99% S (N=5168/5680),"0^ QRDR, 0 PMQR, 0 aac(6`)-Ib-cr",0.25 mg/L [0.25-0.25],wzi62,KL62,Capsule null,Typeable,!,99.80%,-,OL2α.2,"O1αβ,2β",Typeable,-,99.46%,-
6723613e6a8e2b73327b9374,04755B1_complete,v3.2.4,6,Klebsiella pneumoniae,strong,1,5488451,5488451,5488451,no,-,ST1788,2,6,160,1,226,111,299,277,ybt 16; ICEKp12,6,15,5,4,11,33,23,2,11,4,2,-,0,-,-,-,-,-,-,-,-,-,-,-,-,-,-,-,-,-,0,-,-,-,-,-,-,-,0,-,-,-,-,-,-,0,-,-,-,-,-,1,-,-,-,-,-,-,-,-,-,-,-,-,-,-,-,-,-,-,-,SHV-232,SHV:p.Leu35Gln,-,-,-,-,-,0,0,0,wildtype S,90.99% S (N=5168/5680),"0^ QRDR, 0 PMQR, 0 aac(6`)-Ib-cr",0.25 mg/L [0.25-0.25],wzi2,KL2,Capsule null,Typeable,?2-!,99.56%,KL2_10;KL2_09;KL2_07;KL2_08,OL2α.2,"O1αβ,2β",Typeable,-,99.41%,-
6723613e6a8e2b746b7b9397,37956B1_incomplete,v3.2.4,6,Klebsiella pneumoniae,strong,677,12798,76974,5450028,no,-,ST25-1LV,2,1,1,-,10,4,13,277-6LV,ybt 16; ICEKp12 (incomplete) (truncated),6,15,5,4,11,33*-0%,23*-76%,-,-,-,2*-0%,irp1_533*-76%,0,-,-,-,-,-,-,-,-,-,-,-,-,-,-,-,-,-,0,-,-,-,-,-,-,-,0,-,-,-,-,-,-,0,-,-,-,-,-,1,irp1_533*76%,-,aac(3)-IIa.v1^;strA.v1;aac(6')-Ib-cr.v2,-,-,qnrS1;aac(6')-Ib-cr.v2,-,-,-,-,sul1;sul2,tet(D),-,dfrA15.v2,LAP-2;OXA-1,-,CTX-M-15*,-,-,SHV-11^,SHV:p.Leu35Gln,-,-,GyrA:p.Ser83Ile;ParC:p.Ser80Ile,aph3-Ia.v1*?-0%,catB3.v1?-70%,1,7,12,nonwildtype R,99.22% R (N=2424/2443),">0 QRDR, >0 PMQR, * aac(6`)-Ib-cr",4 mg/L [4-4],wzi72,KL2,K2,Typeable,?8-+,99.42%,KL2_09,OL2α.2,"O1αβ,2β",Typeable,?3,99.56%,-
6723613e6a8e2b754a7b938a,29563B1_2_complete,v3.2.4,6,Klebsiella pneumoniae,strong,3,5130007,5130007,5394196,no,-,ST502,2,53,3,1,10,4,18,0,-,-,-,-,-,-,-,-,-,-,-,-,-,0,-,-,-,-,-,-,-,-,-,-,-,-,-,-,-,-,-,0,-,-,-,-,-,-,-,0,-,-,-,-,-,-,0,-,-,-,-,-,0,-,-,-,-,-,-,-,-,-,-,-,-,-,-,-,-,-,-,-,SHV-62,SHV:p.Leu35Gln,-,-,-,-,-,0,0,0,wildtype S,90.99% S (N=5168/5680),"0^ QRDR, 0 PMQR, 0 aac(6`)-Ib-cr",0.25 mg/L [0.25-0.25],wzi50,KL15,K15,Typeable,-,99.93%,-,OL4,O4,Typeable,-,99.56%,-
6723613e6a8e2b774a7b939d,38248B1_incomplete,v3.2.4,6,Klebsiella pneumoniae,strong,1017,6951,32066,5628201,no,N50,ST1788-1LV,2,6,160,-,226,111,299,277-6LV,ybt 16; ICEKp12 (incomplete) (truncated),6*-0%,15*-56%,5,4,11,33*-60%,23*-69%,2,11,-,2*-0%,ybtX_138*-56%;irp1_533*-69%,0,-,-,-,-,-,-,-,-,-,-,-,-,-,-,-,-,-,0,-,-,-,-,-,-,-,0,-,-,-,-,-,-,0,-,-,-,-,-,1,ybtX_138*56%;irp1_533*69%,-,aac(3)-IIa.v1;strB.v1*,-,-,-,-,-,-,-,-,-,-,-,-,TEM-34,CTX-M-15,-,-,SHV-232,SHV:p.Leu35Gln,-,-,-,sul2*-90%;dfrA14.v2*-23%,strA.v1*?-17%,1,3,4,wildtype S,90.99% S (N=5168/5680),"0^ QRDR, 0 PMQR, 0 aac(6`)-Ib-cr",0.25 mg/L [0.25-0.25],wzi2,KL2,K2,Typeable,?4-!,99.48%,KL2_10;KL2_11_wzx,OL2α.2,"O1αβ,2α",Typeable,?2-,99.37%,OL2α.2_07_kfoC
6723613e6a8e2b77927b93db,BS27518I1_complete,v3.2.4,6,Klebsiella pneumoniae,strong,2,5302878,5302878,5535381,no,-,ST25,2,1,1,1,10,4,13,0,-,-,-,-,-,-,-,-,-,-,-,-,-,0,-,-,-,-,-,-,-,-,-,-,-,-,-,-,-,-,-,1,iuc 1,1,1,1,1,1,-,2,iro 1,1,4,1,1,-,26,rmp 1; KpVP-1,2,2,2,-,3,-,rmpA2_6*-55%,-,-,-,-,-,-,-,-,-,-,-,-,-,-,-,-,-,SHV-11^,SHV:p.Leu35Gln,-,-,-,-,-,0,0,0,wildtype S,90.99% S (N=5168/5680),"0^ QRDR, 0 PMQR, 0 aac(6`)-Ib-cr",0.25 mg/L [0.25-0.25],wzi72,KL2,K2,Typeable,-,99.54%,-,OL2α.2,"O1αβ,2β",Typeable,-,99.49%,-
6723613e6a8e2b7bf17b937c,18338B1_complete,v3.2.4,6,Klebsiella pneumoniae,strong,5,5326192,5326192,5434307,no,-,ST1788,2,6,160,1,226,111,299,277,ybt 16; ICEKp12,6,15,5,4,11,33,23,2,11,4,2,-,0,-,-,-,-,-,-,-,-,-,-,-,-,-,-,-,-,-,0,-,-,-,-,-,-,-,0,-,-,-,-,-,-,0,-,-,-,-,-,1,-,-,aac(3)-IIa.v1;strB.v1,-,-,-,-,-,-,-,sul2,-,-,dfrA14.v2,-,-,CTX-M-15,-,-,SHV-232,SHV:p.Leu35Gln,-,-,-,-,strA.v1*?-66%,1,5,6,wildtype S,90.99% S (N=5168/5680),"0^ QRDR, 0 PMQR, 0 aac(6`)-Ib-cr",0.25 mg/L [0.25-0.25],wzi2,KL2,K2,Typeable,-,99.80%,-,OL2α.2,"O1αβ,2β",Typeable,-,99.41%,-
6723613e6a8e2b80057b938d,32433B1_complete,v3.2.4,6,Klebsiella pneumoniae,strong,1,5316992,5316992,5316992,no,-,ST5030,2,1,382,1,7,1,7,0,-,-,-,-,-,-,-,-,-,-,-,-,-,0,-,-,-,-,-,-,-,-,-,-,-,-,-,-,-,-,-,0,-,-,-,-,-,-,-,0,-,-,-,-,-,-,0,-,-,-,-,-,0,-,-,-,-,-,-,-,-,-,-,-,-,-,-,-,-,-,-,-,SHV-11^,SHV:p.Leu35Gln,-,-,-,-,-,0,0,0,wildtype S,90.99% S (N=5168/5680),"0^ QRDR, 0 PMQR, 0 aac(6`)-Ib-cr",0.25 mg/L [0.25-0.25],wzi27,KL27,K27,Typeable,-,100.00%,-,OL2α.2,O2β,Typeable,-,99.11%,-
6723613e6a8e2b801d7b93b9,38972B1_complete,v3.2.4,6,Klebsiella pneumoniae,strong,2,5377047,5377047,5564139,no,-,ST39,2,1,2,4,9,1,14,378,ybt 15; ICEKp11,6,15,22,4,1,37,44,14,1,4,17,-,0,-,-,-,-,-,-,-,-,-,-,-,-,-,-,-,-,-,0,-,-,-,-,-,-,-,0,-,-,-,-,-,-,0,-,-,-,-,-,1,-,-,aac(3)-IId^;strB.v1;aph3-Ia.v1^;strA.v1^,-,-,-,-,-,catA1^,-,sul1;sul2*,tet(A).v1,-,dfrA7,-,-,CTX-M-15,-,-,SHV-11^,SHV:p.Leu35Gln,-,-,-,-,-,1,7,11,wildtype S,90.99% S (N=5168/5680),"0^ QRDR, 0 PMQR, 0 aac(6`)-Ib-cr",0.25 mg/L [0.25-0.25],wzi62,KL62,Capsule null,Typeable,!,99.80%,-,OL2α.2,"O1αβ,2β",Typeable,-,99.46%,-
6723613e6a8e2b85fa7b9375,04880B1_complete,v3.2.4,6,Klebsiella pneumoniae,strong,6,5299775,5299775,5627407,no,-,ST883-1LV,2,5,1,1,9,4,13,0,-,-,-,-,-,-,-,-,-,-,-,-,-,0,-,-,-,-,-,-,-,-,-,-,-,-,-,-,-,-,-,0,-,-,-,-,-,-,-,0,-,-,-,-,-,-,0,-,-,-,-,-,0,-,-,-,-,-,-,-,-,-,-,-,-,-,-,-,-,-,-,-,SHV-11^,SHV:p.Leu35Gln,-,-,-,-,-,0,0,0,wildtype S,90.99% S (N=5168/5680),"0^ QRDR, 0 PMQR, 0 aac(6`)-Ib-cr",0.25 mg/L [0.25-0.25],wzi149,KL62,K62,Typeable,!,99.66%,-,OL2α.2,O2β,Typeable,-,99.26%,-
6723613e6a8e2b86167b93d0,BN08060I1_complete,v3.2.4,6,Klebsiella pneumoniae,strong,1,5306160,5306160,5306160,no,-,ST1037-3LV,4,5,2,1,145,10,264,0,-,-,-,-,-,-,-,-,-,-,-,-,-,0,-,-,-,-,-,-,-,-,-,-,-,-,-,-,-,-,-,0,-,-,-,-,-,-,-,0,-,-,-,-,-,-,0,-,-,-,-,-,0,-,-,-,-,-,-,-,-,-,-,-,-,-,-,-,-,-,-,-,SHV-11^,SHV:p.Leu35Gln,-,-,-,-,-,0,0,0,wildtype S,90.99% S (N=5168/5680),"0^ QRDR, 0 PMQR, 0 aac(6`)-Ib-cr",0.25 mg/L [0.25-0.25],wzi227,KL60,K60,Typeable,-,99.90%,-,OL3γ,O3γ,Typeable,-,99.66%,-
6723613e6a8e2b950d7b93ba,38995B1_complete,v3.2.4,6,Klebsiella pneumoniae,strong,4,5376946,5376946,5635568,no,-,ST39,2,1,2,4,9,1,14,378,ybt 15; ICEKp11,6,15,22,4,1,37,44,14,1,4,17,-,0,-,-,-,-,-,-,-,-,-,-,-,-,-,-,-,-,-,0,-,-,-,-,-,-,-,0,-,-,-,-,-,-,0,-,-,-,-,-,1,-,-,aac(3)-IId^;strB.v1;aph3-Ia.v1^;strA.v1^,-,-,-,-,-,catA1^,-,sul1;sul2*,tet(A).v1,-,dfrA7,-,-,CTX-M-15,-,-,SHV-11^,SHV:p.Leu35Gln,-,-,-,-,-,1,7,11,wildtype S,90.99% S (N=5168/5680),"0^ QRDR, 0 PMQR, 0 aac(6`)-Ib-cr",0.25 mg/L [0.25-0.25],wzi62,KL62,Capsule null,Typeable,!,99.80%,-,OL2α.2,"O1αβ,2β",Typeable,-,99.46%,-
6723613e6a8e2b96d87b93ae,38755B1_complete,v3.2.4,6,Klebsiella pneumoniae,strong,4,5377043,5377043,5635665,no,-,ST39,2,1,2,4,9,1,14,378,ybt 15; ICEKp11,6,15,22,4,1,37,44,14,1,4,17,-,0,-,-,-,-,-,-,-,-,-,-,-,-,-,-,-,-,-,0,-,-,-,-,-,-,-,0,-,-,-,-,-,-,0,-,-,-,-,-,1,-,-,aac(3)-IId^;strB.v1;aph3-Ia.v1^;strA.v1^,-,-,-,-,-,catA1^,-,sul1;sul2*,tet(A).v1,-,dfrA7,-,-,CTX-M-15,-,-,SHV-11^,SHV:p.Leu35Gln,-,-,-,-,-,1,7,11,wildtype S,90.99% S (N=5168/5680),"0^ QRDR, 0 PMQR, 0 aac(6`)-Ib-cr",0.25 mg/L [0.25-0.25],wzi62,KL62,Capsule null,Typeable,!,99.80%,-,OL2α.2,"O1αβ,2β",Typeable,-,99.46%,-
6723613e6a8e2b97f67b93ca,43522B1_complete,v3.2.4,6,Klebsiella pneumoniae,strong,4,5374973,5374973,5633592,no,-,ST39,2,1,2,4,9,1,14,378,ybt 15; ICEKp11,6,15,22,4,1,37,44,14,1,4,17,-,0,-,-,-,-,-,-,-,-,-,-,-,-,-,-,-,-,-,0,-,-,-,-,-,-,-,0,-,-,-,-,-,-,0,-,-,-,-,-,1,-,-,aac(3)-IId^;strB.v1;aph3-Ia.v1^;strA.v1^,-,-,-,-,-,catA1^,-,sul1;sul2*,tet(A).v1,-,dfrA7,-,-,CTX-M-15,-,-,SHV-11^,SHV:p.Leu35Gln,-,-,-,-,-,1,7,11,wildtype S,90.99% S (N=5168/5680),"0^ QRDR, 0 PMQR, 0 aac(6`)-Ib-cr",0.25 mg/L [0.25-0.25],wzi62,KL62,Capsule null,Typeable,!,99.80%,-,OL2α.2,"O1αβ,2β",Typeable,-,99.46%,-
6723613e6a8e2ba1237b937a,17668B1_complete,v3.2.4,6,Klebsiella pneumoniae,strong,4,5424730,5424730,5863807,no,-,ST147,3,4,6,1,7,4,38,0,-,-,-,-,-,-,-,-,-,-,-,-,-,0,-,-,-,-,-,-,-,-,-,-,-,-,-,-,-,-,-,0,-,-,-,-,-,-,-,0,-,-,-,-,-,-,0,-,-,-,-,-,0,-,-,aac(3)-IIa.v1^;strB.v1;strB.v1;strA.v1^;aadA^;aac(6')-Ib-cr.v2,-,-,qnrB1.v2^;qnrS1;aac(6')-Ib-cr.v2,-,-,catA1*,-,sul1^;sul2,-,-,dfrA14.v2*;dfrA15.v2,LAP-2;OXA-1,-,CTX-M-15;CTX-M-15,-,-,SHV-11^,SHV:p.Leu35Gln,OmpK35:p.Gly77fs,-,GyrA:p.Ser83Tyr;GyrA:p.Asp87Ala;ParC:p.Ser80Ile,strA.v1?-0%,catB3.v1?-70%,1,8,19,nonwildtype R,99.22% R (N=2424/2443),">0 QRDR, >0 PMQR, * aac(6`)-Ib-cr",4 mg/L [4-4],wzi420,KL10,K10,Typeable,-,99.02%,-,OL3α/β,O3αβ,Typeable,-,99.29%,-
6723613e6a8e2ba87c7b93d1,BN08284I1_complete,v3.2.4,6,Klebsiella pneumoniae,strong,3,5432699,5432699,5764592,no,-,ST1788,2,6,160,1,226,111,299,277,ybt 16; ICEKp12,6,15,5,4,11,33,23,2,11,4,2,-,0,-,-,-,-,-,-,-,-,-,-,-,-,-,-,-,-,-,0,-,-,-,-,-,-,-,0,-,-,-,-,-,-,0,-,-,-,-,-,1,-,-,aac(3)-IIa.v1,-,-,-,-,-,-,-,-,-,-,-,-,-,CTX-M-15,-,-,SHV-232,SHV:p.Leu35Gln,-,-,-,-,-,1,3,3,wildtype S,90.99% S (N=5168/5680),"0^ QRDR, 0 PMQR, 0 aac(6`)-Ib-cr",0.25 mg/L [0.25-0.25],wzi2,KL2,K2,Typeable,-,99.80%,-,OL2α.2,"O1αβ,2β",Typeable,-,99.41%,-
6723613e6a8e2bb69f7b93ad,38710B1_complete,v3.2.4,6,Klebsiella pneumoniae,strong,4,5383473,5383473,5642094,no,-,ST39,2,1,2,4,9,1,14,378,ybt 15; ICEKp11,6,15,22,4,1,37,44,14,1,4,17,-,0,-,-,-,-,-,-,-,-,-,-,-,-,-,-,-,-,-,0,-,-,-,-,-,-,-,0,-,-,-,-,-,-,0,-,-,-,-,-,1,-,-,aac(3)-IId^;strB.v1;aph3-Ia.v1^;strA.v1^,-,-,-,-,-,catA1^,-,sul1;sul2*,tet(A).v1,-,dfrA7,-,-,CTX-M-15,-,-,SHV-11^,SHV:p.Leu35Gln,-,-,-,-,-,1,7,11,wildtype S,90.99% S (N=5168/5680),"0^ QRDR, 0 PMQR, 0 aac(6`)-Ib-cr",0.25 mg/L [0.25-0.25],wzi62,KL62,Capsule null,Typeable,!,99.80%,-,OL2α.2,"O1αβ,2β",Typeable,-,99.46%,-
6723613e6a8e2bb7ae7b9370,55_ii_09-01-24_complete,v3.2.4,6,Klebsiella pneumoniae,strong,4,5370910,5370910,5629531,no,-,ST39,2,1,2,4,9,1,14,378,ybt 15; ICEKp11,6,15,22,4,1,37,44,14,1,4,17,-,0,-,-,-,-,-,-,-,-,-,-,-,-,-,-,-,-,-,0,-,-,-,-,-,-,-,0,-,-,-,-,-,-,0,-,-,-,-,-,1,-,-,aac(3)-IId^;strB.v1;aph3-Ia.v1^;strA.v1^,-,-,-,-,-,catA1^,-,sul1;sul2*,tet(A).v1,-,dfrA7,-,-,CTX-M-15,-,-,SHV-11^,SHV:p.Leu35Gln,-,-,-,-,-,1,7,11,wildtype S,90.99% S (N=5168/5680),"0^ QRDR, 0 PMQR, 0 aac(6`)-Ib-cr",0.25 mg/L [0.25-0.25],wzi62,KL62,Capsule null,Typeable,!,99.80%,-,OL2α.2,"O1αβ,2β",Typeable,-,99.46%,-
6723613e6a8e2bb9397b93b8,38895B1_complete,v3.2.4,6,Klebsiella pneumoniae,strong,3,5362152,5362152,5674155,no,-,ST39,2,1,2,4,9,1,14,378,ybt 15; ICEKp11,6,15,22,4,1,37,44,14,1,4,17,-,0,-,-,-,-,-,-,-,-,-,-,-,-,-,-,-,-,-,0,-,-,-,-,-,-,-,0,-,-,-,-,-,-,0,-,-,-,-,-,1,-,-,aac(3)-IId^;strB.v1;aph3-Ia.v1^;strA.v1^;aadA1.v1^,-,-,-,-,-,catA1^,-,sul1;sul1;sul2*,tet(A).v1;tet(A).v1,-,dfrA1.v2;dfrA7,-,-,CTX-M-15,-,-,SHV-11^,SHV:p.Leu35Gln,-,-,-,-,-,1,7,15,wildtype S,90.99% S (N=5168/5680),"0^ QRDR, 0 PMQR, 0 aac(6`)-Ib-cr",0.25 mg/L [0.25-0.25],wzi62,KL62,K62,Typeable,!,99.81%,-,OL3γ,O3γ,Untypeable,-!,99.56%,OL3γ_05_wbdD;OL3γ_04_wzt;OL3γ_07_wbdB;OL3γ_06_wbdA;OL3γ_03_wzm;OL3γ_08_wbdC
6723613e6a8e2bbc467b936b,8NOV7-2-24_incomplete,v3.2.4,6,Klebsiella pneumoniae,strong,31,1113382,1660166,5513041,no,-,ST5142,2,1,2,1,9,10,18,0,-,-,-,-,-,-,-,-,-,-,-,-,-,0,-,-,-,-,-,-,-,-,-,-,-,-,-,-,-,-,-,0,-,-,-,-,-,-,-,0,-,-,-,-,-,-,0,-,-,-,-,-,0,-,-,-,-,-,-,-,-,-,-,-,-,-,-,-,-,-,-,-,SHV-1^,-,-,-,-,-,-,0,0,0,wildtype S,90.99% S (N=5168/5680),"0^ QRDR, 0 PMQR, 0 aac(6`)-Ib-cr",0.25 mg/L [0.25-0.25],wzi298,KL51,K51,Typeable,-,99.69%,-,OL12,O12,Typeable,-,99.03%,-
6723613e6a8e2bbd697b93bf,43451B1_complete,v3.2.4,6,Klebsiella pneumoniae,strong,4,5370910,5370910,5629531,no,-,ST39,2,1,2,4,9,1,14,378,ybt 15; ICEKp11,6,15,22,4,1,37,44,14,1,4,17,-,0,-,-,-,-,-,-,-,-,-,-,-,-,-,-,-,-,-,0,-,-,-,-,-,-,-,0,-,-,-,-,-,-,0,-,-,-,-,-,1,-,-,aac(3)-IId^;strB.v1;aph3-Ia.v1^;strA.v1^,-,-,-,-,-,catA1^,-,sul1;sul2*,tet(A).v1,-,dfrA7,-,-,CTX-M-15,-,-,SHV-11^,SHV:p.Leu35Gln,-,-,-,-,-,1,7,11,wildtype S,90.99% S (N=5168/5680),"0^ QRDR, 0 PMQR, 0 aac(6`)-Ib-cr",0.25 mg/L [0.25-0.25],wzi62,KL62,Capsule null,Typeable,!,99.80%,-,OL2α.2,"O1αβ,2β",Typeable,-,99.46%,-
6723613e6a8e2bd0527b938f,36451B1_complete,v3.2.4,6,Klebsiella pneumoniae,strong,4,5105765,5105765,5636772,no,-,ST3157,2,1,1,1,7,1,89,0,-,-,-,-,-,-,-,-,-,-,-,-,-,0,-,-,-,-,-,-,-,-,-,-,-,-,-,-,-,-,-,0,-,-,-,-,-,-,-,0,-,-,-,-,-,-,0,-,-,-,-,-,0,-,-,strB.v1;strA.v1^;aadA*;aac(6')-Ib-cr.v2,-,-,qnrS1;aac(6')-Ib-cr.v2,-,-,-,-,sul1^;sul2,-,-,dfrA14.v2*;dfrA15.v2,OXA-1,-,CTX-M-15,-,-,SHV-14^,-,-,-,-,aac(3)-IIa.v1*-69%,catB3.v1?-70%;LAP-2?-0%,1,7,13,nonwildtype R,94.63% R (N=776/820),"0 QRDR, 1 PMQR, 1 aac(6`)-Ib-cr",2 mg/L [1-2],wzi273,KL30,K30,Typeable,!,97.46%,-,OL2α.2,"O1αβ,2β",Typeable,-,99.51%,-
6723613e6a8e2bd98b7b93dd,BS30965I1_complete,v3.2.4,6,Klebsiella pneumoniae,strong,1,5305792,5305792,5305792,no,-,ST37,2,9,2,1,13,1,16,0,-,-,-,-,-,-,-,-,-,-,-,-,-,0,-,-,-,-,-,-,-,-,-,-,-,-,-,-,-,-,-,0,-,-,-,-,-,-,-,0,-,-,-,-,-,-,0,-,-,-,-,-,0,-,-,-,-,-,-,-,-,-,-,-,-,-,-,-,-,-,-,-,SHV-11^,SHV:p.Leu35Gln,-,-,-,-,-,0,0,0,wildtype S,90.99% S (N=5168/5680),"0^ QRDR, 0 PMQR, 0 aac(6`)-Ib-cr",0.25 mg/L [0.25-0.25],wzi123,KL136,unknown (KL136),Typeable,-,99.87%,-,OL2α.2,O2β,Typeable,-,99.15%,-
6723613e6a8e2bdfe67b93bc,43264B1_complete,v3.2.4,6,Klebsiella pneumoniae,strong,4,5375168,5375168,5617572,no,-,ST39,2,1,2,4,9,1,14,378,ybt 15; ICEKp11,6,15,22,4,1,37,44,14,1,4,17,-,0,-,-,-,-,-,-,-,-,-,-,-,-,-,-,-,-,-,0,-,-,-,-,-,-,-,0,-,-,-,-,-,-,0,-,-,-,-,-,1,-,-,aac(3)-IId^;strB.v1;aph3-Ia.v1^;strA.v1^,-,-,-,-,-,catA1^,-,sul1;sul2*,tet(A).v1,-,dfrA7,-,-,CTX-M-15,-,-,SHV-11^,SHV:p.Leu35Gln,-,-,-,-,-,1,7,11,wildtype S,90.99% S (N=5168/5680),"0^ QRDR, 0 PMQR, 0 aac(6`)-Ib-cr",0.25 mg/L [0.25-0.25],wzi62,KL62,Capsule null,Typeable,!,99.80%,-,OL2α.2,"O1αβ,2β",Typeable,-,99.46%,-
6723613e6a8e2bdff17b9390,37407B1_complete,v3.2.4,6,Klebsiella pneumoniae,strong,4,5300056,5300056,5841671,no,-,ST22-1LV,2,3,1,1,1,4,12,463-1LV,ybt 4; plasmid,75,34,37,44,47,104,227*,25,23,45,118,-,0,-,-,-,-,-,-,-,-,-,-,-,-,-,-,-,-,-,0,-,-,-,-,-,-,-,0,-,-,-,-,-,-,0,-,-,-,-,-,1,-,-,aac(3)-IIa.v1^;aadA*;aac(6')-Ib-cr.v2,-,-,qnrS1;aac(6')-Ib-cr.v2,-,-,-,-,sul1^,-,-,dfrA15.v2,OXA-1,-,CTX-M-15,-,-,SHV-1^,-,-,-,-,-,catB3.v1?-70%;LAP-2?-0%,1,6,9,nonwildtype R,94.63% R (N=776/820),"0 QRDR, 1 PMQR, 1 aac(6`)-Ib-cr",2 mg/L [1-2],wzi94,KL62,K62,Typeable,-,99.94%,-,OL2α.1,O2α,Typeable,-,99.50%,-
6723613e6a8e2be1167b9369,3FEB24-2-24_complete,v3.2.4,6,Klebsiella pneumoniae,strong,7,5102863,5102863,5287241,no,-,ST1229,4,1,1,1,20,1,218,0,-,-,-,-,-,-,-,-,-,-,-,-,-,0,-,-,-,-,-,-,-,-,-,-,-,-,-,-,-,-,-,0,-,-,-,-,-,-,-,0,-,-,-,-,-,-,0,-,-,-,-,-,0,-,-,strB.v1*;strA.v1*;aadA2^,-,-,qnrS1,-,Mrx;mphA,-,-,sul1;sul2,-,-,dfrA12,-,-,-,-,-,SHV-11^,SHV:p.Leu35Gln,-,-,-,CTX-M-209*-73%,-,0,5,9,nonwildtype R,77.47% R (N=423/546),"0 QRDR, 1^ PMQR, 0 aac(6`)-Ib-cr",1 mg/L [1-2],wzi191,KL125,unknown (KL125),Typeable,-,93.49%,-,OL5,O5,Typeable,-,98.26%,-
6723613e6a8e2be3a67b93a8,38591B1_incomplete,v3.2.4,6,Klebsiella pneumoniae,strong,29,665653,1617834,5731240,no,-,ST815,2,1,2,1,7,1,12,0,-,-,-,-,-,-,-,-,-,-,-,-,-,0,-,-,-,-,-,-,-,-,-,-,-,-,-,-,-,-,-,0,-,-,-,-,-,-,-,0,-,-,-,-,-,-,0,-,-,-,-,-,0,-,-,aac(3)-IIa.v1;aadA^,-,-,qnrB4,-,-,-,-,sul1^;sul1^,tet(A).v1,-,dfrA15.v2,DHA-1,-,CTX-M-15,-,-,SHV-11^,SHV:p.Leu35Gln,-,-,-,-,-,1,8,10,nonwildtype R,77.47% R (N=423/546),"0 QRDR, 1^ PMQR, 0 aac(6`)-Ib-cr",1 mg/L [1-2],-,KL8,K8,Typeable,!,95.47%,-,OL2α.2,"O1αβ,2β",Typeable,-,99.18%,-
6723613e6a8e2be9cd7b936a,4NOV7-2-24_complete,v3.2.4,6,Klebsiella pneumoniae,strong,11,5153756,5153756,5325873,no,-,ST1401,2,1,1,1,9,1,4,0,-,-,-,-,-,-,-,-,-,-,-,-,-,0,-,-,-,-,-,-,-,-,-,-,-,-,-,-,-,-,-,0,-,-,-,-,-,-,-,0,-,-,-,-,-,-,0,-,-,-,-,-,0,-,-,-,-,-,-,-,-,-,-,-,-,-,-,-,-,-,-,-,SHV-26,-,-,-,-,-,-,0,0,0,wildtype S,90.99% S (N=5168/5680),"0^ QRDR, 0 PMQR, 0 aac(6`)-Ib-cr",0.25 mg/L [0.25-0.25],wzi224,KL49,Capsule null,Typeable,-+!,99.57%,KL49_15;KL49_14_wcpF,OL13,O13,Typeable,-,97.64%,OL13_09_glycosylhydrolase
6723613e6a8e2bee427b93a2,38403B1_complete,v3.2.4,6,Klebsiella pneumoniae,strong,4,5377043,5377043,5635665,no,-,ST39,2,1,2,4,9,1,14,378,ybt 15; ICEKp11,6,15,22,4,1,37,44,14,1,4,17,-,0,-,-,-,-,-,-,-,-,-,-,-,-,-,-,-,-,-,0,-,-,-,-,-,-,-,0,-,-,-,-,-,-,0,-,-,-,-,-,1,-,-,aac(3)-IId^;strB.v1;aph3-Ia.v1^;strA.v1^,-,-,-,-,-,catA1^,-,sul1;sul2*,tet(A).v1,-,dfrA7,-,-,CTX-M-15,-,-,SHV-11^,SHV:p.Leu35Gln,-,-,-,-,-,1,7,11,wildtype S,90.99% S (N=5168/5680),"0^ QRDR, 0 PMQR, 0 aac(6`)-Ib-cr",0.25 mg/L [0.25-0.25],wzi62,KL62,Capsule null,Typeable,!,99.80%,-,OL2α.2,"O1αβ,2β",Typeable,-,99.46%,-
6723613e6a8e2bf6ef7b937b,17684B1_incomplete,v3.2.4,6,Klebsiella pneumoniae,strong,412,24877,112940,5433875,no,-,ST147,3,4,6,1,7,4,38,0,-,-,-,-,-,-,-,-,-,-,-,-,-,0,-,-,-,-,-,-,-,-,-,-,-,-,-,-,-,-,-,0,-,-,-,-,-,-,-,0,-,-,-,-,-,-,0,-,-,-,-,-,0,-,-,aac(3)-IIa.v1^;aac(3)-IIa.v1^;strB.v1;strB.v1;strB.v1;aadA^;aac(6')-Ib-cr.v2,-,-,qnrB1.v2^;qnrS1;aac(6')-Ib-cr.v2,-,-,catA1*,-,sul1^;sul2,-,-,dfrA14.v2;dfrA14.v2*;dfrA15.v2,LAP-2;OXA-1;OXA-1,-,CTX-M-15,-,-,SHV-11^,SHV:p.Leu35Gln,OmpK35:p.Gly77fs,-,GyrA:p.Ser83Tyr;GyrA:p.Asp87Ala;ParC:p.Ser80Ile,strA.v1?-0%;LAP-2*-52%;qnrS1*-85%;qnrB1.v1*-20%;aac(6')-Ib-cr.v2*-8%,strA.v1*?-66%;catB3.v1?-70%;catB3.v1?-70%,1,7,20,nonwildtype R,99.22% R (N=2424/2443),">0 QRDR, >0 PMQR, * aac(6`)-Ib-cr",4 mg/L [4-4],wzi420,KL10,Capsule null,Typeable,?2!,98.83%,-,OL3α/β,O3αβ,Typeable,-,99.26%,-
6723613e6a8e2bfb6c7b93b0,38768B1_complete,v3.2.4,6,Klebsiella pneumoniae,strong,3,5374808,5374808,5628778,no,-,ST39,2,1,2,4,9,1,14,378,ybt 15; ICEKp11,6,15,22,4,1,37,44,14,1,4,17,-,0,-,-,-,-,-,-,-,-,-,-,-,-,-,-,-,-,-,0,-,-,-,-,-,-,-,0,-,-,-,-,-,-,0,-,-,-,-,-,1,-,-,aac(3)-IId^;strB.v1;aph3-Ia.v1^;strA.v1^,-,-,-,-,-,catA1^,-,sul1;sul2*,tet(A).v1,-,dfrA7,-,-,CTX-M-15,-,-,SHV-11^,SHV:p.Leu35Gln,-,-,-,-,-,1,7,11,wildtype S,90.99% S (N=5168/5680),"0^ QRDR, 0 PMQR, 0 aac(6`)-Ib-cr",0.25 mg/L [0.25-0.25],wzi62,KL62,Capsule null,Typeable,!,99.43%,-,OL2α.2,"O1αβ,2β",Typeable,-,99.46%,-
6723613e6a8e2bff367b93a3,38454B1_complete,v3.2.4,6,Klebsiella pneumoniae,strong,4,5375212,5375212,5633834,no,-,ST39,2,1,2,4,9,1,14,378,ybt 15; ICEKp11,6,15,22,4,1,37,44,14,1,4,17,-,0,-,-,-,-,-,-,-,-,-,-,-,-,-,-,-,-,-,0,-,-,-,-,-,-,-,0,-,-,-,-,-,-,0,-,-,-,-,-,1,-,-,aac(3)-IId^;strB.v1;aph3-Ia.v1^;strA.v1^,-,-,-,-,-,catA1^,-,sul1;sul2*,tet(A).v1,-,dfrA7,-,-,CTX-M-15,-,-,SHV-11^,SHV:p.Leu35Gln,-,-,-,-,-,1,7,11,wildtype S,90.99% S (N=5168/5680),"0^ QRDR, 0 PMQR, 0 aac(6`)-Ib-cr",0.25 mg/L [0.25-0.25],wzi62,KL62,Capsule null,Typeable,!,99.80%,-,OL2α.2,"O1αβ,2β",Typeable,-,99.46%,-