id,status,Country,Site,Study,Year,Month,Day,Date,Date_formatted,Kleborate version,Wrapper version,species,species_match,species_code,contig_count,N50,largest_contig,total_size,ambiguous_bases,QC_warnings,ST,gapA,infB,mdh,pgi,phoE,rpoB,tonB,YbST,Yersiniabactin,ybtS,ybtX,ybtQ,ybtP,ybtA,irp2,irp1,ybtU,ybtT,ybtE,fyuA,spurious_ybt_hits,CbST,Colibactin,clbA,clbB,clbC,clbD,clbE,clbF,clbG,clbH,clbI,clbL,clbM,clbN,clbO,clbP,clbQ,spurious_clb_hits,AbST,Aerobactin,iucA,iucB,iucC,iucD,iutA,spurious_abst_hits,SmST,Salmochelin,iroB,iroC,iroD,iroN,spurious_smst_hits,RmST,RmpADC,rmpA,rmpD,rmpC,spurious_rmst_hits,virulence_score,spurious_virulence_hits,rmpA2,AGly_acquired,Col_acquired,Fcyn_acquired,Flq_acquired,Gly_acquired,MLS_acquired,Phe_acquired,Rif_acquired,Sul_acquired,Tet_acquired,Tgc_acquired,Tmt_acquired,Bla_acquired,Bla_inhR_acquired,Bla_ESBL_acquired,Bla_ESBL_inhR_acquired,Bla_Carb_acquired,Bla_chr,SHV_mutations,Omp_mutations,Col_mutations,Flq_mutations,truncated_resistance_hits,spurious_resistance_hits,resistance_score,num_resistance_classes,num_resistance_genes,Ciprofloxacin_prediction,Ciprofloxacin_profile_support,Ciprofloxacin_profile,Ciprofloxacin_MIC_prediction,wzi,K_locus,K_type,K_locus_confidence,K_locus_problems,K_locus_identity,K_Missing_expected_genes,O_locus,O_type,O_locus_confidence,O_locus_problems,O_locus_identity,O_Missing_expected_genes
06649B1_complete,clinical,The Gambia,Bansang,MRCG,2023,10,5,05/10/2023,5102023,v3.2.3,6,Klebsiella quasipneumoniae subsp. similipneumoniae,strong,Kqp,76,5047752,5047752,7819913,no,-,ST369-3LV,40,22,56,59,554*,13,99,0,-,-,-,-,-,-,-,-,-,-,-,-,-,0,-,-,-,-,-,-,-,-,-,-,-,-,-,-,-,-,-,0,-,-,-,-,-,-,-,0,-,-,-,-,-,-,0,-,-,-,-,-,0,-,-,-,-,-,-,-,-,-,-,-,-,-,-,-,-,ADC-68*,-,-,OKP-B-11*,-,OmpK36:p.Ala183fs,-,-,-,-,1,1,1,wildtype S,90.99% S (N=5168/5680),"0^ QRDR, 0 PMQR, 0 aac(6`)-Ib-cr",0.25 mg/L [0.25-0.25],wzi328,KL64,K64,Typeable,-,98.77%,-,OL12,O12,Typeable,-,99.51%,-
19102B1_complete,clinical,The Gambia,Bansang,MRCG,2021,8,19,19/08/2021,19082021,v3.2.3,6,Klebsiella quasipneumoniae subsp. similipneumoniae,strong,Kqp,4,5042648,5042648,5182739,no,-,ST1584-1LV,18,22,18,16,25,13,165*,0,-,-,-,-,-,-,-,-,-,-,-,-,-,0,-,-,-,-,-,-,-,-,-,-,-,-,-,-,-,-,-,0,-,-,-,-,-,-,-,0,-,-,-,-,-,-,0,-,-,-,-,-,0,-,-,strB.v1,-,-,-,-,-,-,-,sul2,tet(A).v1,-,dfrA14.v2,-,-,-,-,-,OKP-B-34^,-,-,-,-,-,strA.v1*?-66%,0,4,4,wildtype S,90.99% S (N=5168/5680),"0^ QRDR, 0 PMQR, 0 aac(6`)-Ib-cr",0.25 mg/L [0.25-0.25],wzi225,KL56,K56,Typeable,-,98.41%,-,OL12,O12,Typeable,-,99.38%,-
19887B1_incomplete,clinical,The Gambia,Bansang,MRCG,2022,4,7,07/04/2022,7042022,v3.2.3,6,Klebsiella quasipneumoniae subsp. similipneumoniae,strong,Kqp,333,30357,135758,5239987,no,-,ST1584,18,22,18,16,25,13,165,0,-,-,-,-,-,-,-,-,-,-,-,-,-,0,-,-,-,-,-,-,-,-,-,-,-,-,-,-,-,-,-,0,-,-,-,-,-,-,-,0,-,-,-,-,-,-,0,-,-,-,-,-,0,-,-,aac(3)-IIa.v1^;aadA^;aac(6')-Ib-cr.v2,-,-,qnrS1;aac(6')-Ib-cr.v2,-,-,-,-,sul1^,-,-,dfrA15.v2,LAP-2,-,CTX-M-15,-,-,-,-,-,-,-,sul2?-0%,CTX-M-137*?-0%,1,6,9,nonwildtype R,77.47% R (N=423/546),"0 QRDR, 1^ PMQR, 0 aac(6`)-Ib-cr",1 mg/L [1-2],wzi108,KL118,unknown (KL118),Typeable,-,99.91%,-,OL13,O13,Typeable,?3-!,88.71%,OL13_05_wbbL
27869B1_complete,clinical,The Gambia,Bansang,MRCG,2023,8,17,17/08/2023,17082023,v3.2.3,6,Klebsiella quasipneumoniae subsp. similipneumoniae,strong,Kqp,4,5188809,5188809,5540410,no,-,ST334,18,22,18,22,25,37,51,0,-,-,-,-,-,-,-,-,-,-,-,-,-,0,-,-,-,-,-,-,-,-,-,-,-,-,-,-,-,-,-,0,-,-,-,-,-,-,-,0,-,-,-,-,-,-,0,-,-,-,-,-,0,-,-,strB.v1;strB.v1;strA.v1^;strA.v1^,-,-,-,-,-,catII.2*,-,sul1;sul2,tet(D),-,dfrA14.v2*;dfrA15.v2,-,-,-,-,-,OKP-B-17^,-,OmpK36:p.Ala183fs,-,-,-,-,0,6,11,wildtype S,90.99% S (N=5168/5680),"0^ QRDR, 0 PMQR, 0 aac(6`)-Ib-cr",0.25 mg/L [0.25-0.25],wzi436,KL28,K28,Untypeable,*,93.50%,-,OL5,O5,Typeable,-,98.17%,-
31764B1_complete,clinical,The Gambia,Bansang,MRCG,2022,12,20,20/12/2022,20122022,v3.2.3,6,Klebsiella quasipneumoniae subsp. similipneumoniae,strong,Kqp,2,5084496,5084496,5094385,no,-,ST5658,18,22,26,61,31,128,154,0,-,-,-,-,-,-,-,-,-,-,-,-,-,0,-,-,-,-,-,-,-,-,-,-,-,-,-,-,-,-,-,0,-,-,-,-,-,-,-,0,-,-,-,-,-,-,0,-,-,-,-,-,0,-,-,-,-,-,-,-,Mrx;mphA,-,-,-,-,-,-,-,-,-,-,-,OKP-B-41,-,-,-,-,-,fosA7*?-0%,0,2,3,wildtype S,90.99% S (N=5168/5680),"0^ QRDR, 0 PMQR, 0 aac(6`)-Ib-cr",0.25 mg/L [0.25-0.25],-,KL62,K62,Typeable,!,99.84%,-,OL12,O12,Typeable,-,99.58%,-
36247B1_incomplete,clinical,The Gambia,Bansang,MRCG,2022,5,12,12/05/2022,12052022,v3.2.3,6,Klebsiella quasipneumoniae subsp. similipneumoniae,weak,Kqp,78,43149,148104,2448099,no,-,ST1224-4LV,-,67,26,-,142*,38,-,0,-,-,-,-,-,-,-,-,-,-,-,-,-,0,-,-,-,-,-,-,-,-,-,-,-,-,-,-,-,-,-,0,-,-,-,-,-,-,-,0,-,-,-,-,-,-,0,-,-,-,-,-,0,-,-,-,-,-,-,-,-,-,-,-,-,-,-,-,-,-,-,-,-,-,OmpK36:p.Ser49fs,-,-,-,-,0,0,0,wildtype S,90.99% S (N=5168/5680),"0^ QRDR, 0 PMQR, 0 aac(6`)-Ib-cr",0.25 mg/L [0.25-0.25],-,KL180,Capsule null,Untypeable,?2-!,84.97%,KL180_19_gnd;KL180_24_ugd;KL180_06_wzc;KL180_13_manC;KL180_09_wzy;KL180_18_wcuT;KL180_02_cpsACP;KL180_21_rmlA;KL180_22_rmlD;KL180_17;KL180_11_wzx;KL180_04_wza;KL180_16;KL180_23_rmlC;KL180_14_manB;KL180_10_wcuC;KL180_03_wzi;KL180_05_wzb;KL180_15_wbaZ;KL180_01_galF;KL180_12;KL180_08_wcuE,-,-,-,-,-,-
37879B1_complete,clinical,The Gambia,Bansang,MRCG,2023,3,27,27/03/2023,27032023,v3.2.3,6,Klebsiella quasipneumoniae subsp. similipneumoniae,strong,Kqp,5,5198894,5198894,5704293,no,-,ST334,18,22,18,22,25,37,51,0,-,-,-,-,-,-,-,-,-,-,-,-,-,0,-,-,-,-,-,-,-,-,-,-,-,-,-,-,-,-,-,0,-,-,-,-,-,-,-,0,-,-,-,-,-,-,0,-,-,-,-,-,0,-,-,aac(3)-IIa.v1^;strB.v1*;strA.v1*;aadA2^;aac(6')-Ib-cr.v2,-,-,qnrS1;aac(6')-Ib-cr.v2,-,Mrx;mphA,-,-,sul1;sul2;sul2,-,-,dfrA12,OXA-1,-,CTX-M-15,-,-,OKP-B-17*,-,OmpK36:p.Ala183fs,-,-,-,catB3.v1?-70%,1,8,16,nonwildtype R,77.47% R (N=423/546),"0 QRDR, 1^ PMQR, 0 aac(6`)-Ib-cr",1 mg/L [1-2],wzi529,KL178,unknown (KL178),Untypeable,-+!,95.38%,KL178_10_wcsF;KL178_14;KL178_07_wzy;KL178_12;KL178_11_wcuK;KL178_09_wcoT;KL178_13_wzx;KL178_06_wzc;KL178_05_wzb;KL178_16_wcaJ;KL178_08_wcoU,OL12,O12,Typeable,-,99.57%,-
37887B1_incomplete,clinical,The Gambia,Bansang,MRCG,2023,3,29,29/03/2023,29032023,v3.2.3,6,Klebsiella quasipneumoniae subsp. similipneumoniae,strong,Kqp,21,728644,1711234,5734460,no,-,ST334,18,22,18,22,25,37,51,0,-,-,-,-,-,-,-,-,-,-,-,-,-,0,-,-,-,-,-,-,-,-,-,-,-,-,-,-,-,-,-,0,-,-,-,-,-,-,-,0,-,-,-,-,-,-,0,-,-,-,-,-,0,-,-,aac(3)-IIa.v1^;strB.v1*;strA.v1*;aadA2^;aac(6')-Ib-cr.v2,-,-,qnrS1;aac(6')-Ib-cr.v2,-,Mrx;mphA,-,-,sul1;sul2;sul2,-,-,dfrA12,OXA-1,-,CTX-M-15,-,-,OKP-B-17*,-,OmpK36:p.Ala183fs,-,-,-,catB3.v1?-70%,1,8,16,nonwildtype R,77.47% R (N=423/546),"0 QRDR, 1^ PMQR, 0 aac(6`)-Ib-cr",1 mg/L [1-2],wzi529,KL67,Capsule null,Untypeable,-+!,94.88%,KL67_15_wbaZ;KL67_07_wzy;KL67_05_wzb;KL67_09_wckZ;KL67_12_wcqH;KL67_10_wclH;KL67_16_wcaJ;KL67_11_wcqG;KL67_08_wcuI;KL67_14_wcuC;KL67_13_wzx,OL12,O12,Typeable,-,99.57%,-
37890B1_complete,clinical,The Gambia,Bansang,MRCG,2023,3,29,29/03/2023,29032023,v3.2.3,6,Klebsiella quasipneumoniae subsp. similipneumoniae,strong,Kqp,4,5188304,5188304,5525321,no,-,ST334,18,22,18,22,25,37,51,0,-,-,-,-,-,-,-,-,-,-,-,-,-,0,-,-,-,-,-,-,-,-,-,-,-,-,-,-,-,-,-,0,-,-,-,-,-,-,-,0,-,-,-,-,-,-,0,-,-,-,-,-,0,-,-,aac(3)-IIa.v1^;strB.v1*;strA.v1*;aadA2^;aac(6')-Ib-cr.v2*,-,-,qnrS1;aac(6')-Ib-cr.v2*,-,Mrx;mphA,-,-,sul1;sul2,-,-,dfrA12,OXA-1,-,CTX-M-15,-,-,OKP-B-17*,-,OmpK36:p.Ala183fs,-,-,-,catB3.v1?-70%,1,8,15,nonwildtype R,77.47% R (N=423/546),"0 QRDR, 1^ PMQR, 0 aac(6`)-Ib-cr",1 mg/L [1-2],wzi529,KL67,Capsule null,Untypeable,-+!,94.90%,KL67_16_wcaJ;KL67_07_wzy;KL67_14_wcuC;KL67_10_wclH;KL67_05_wzb;KL67_11_wcqG;KL67_12_wcqH;KL67_13_wzx;KL67_08_wcuI;KL67_15_wbaZ;KL67_09_wckZ,OL12,O12,Typeable,-,99.57%,-
37925B1_complete,clinical,The Gambia,Bansang,MRCG,2023,4,8,08/04/2023,8042023,v3.2.3,6,Klebsiella quasipneumoniae subsp. similipneumoniae,strong,Kqp,8,5198885,5198885,5506303,no,-,ST334,18,22,18,22,25,37,51,0,-,-,-,-,-,-,-,-,-,-,-,-,-,0,-,-,-,-,-,-,-,-,-,-,-,-,-,-,-,-,-,0,-,-,-,-,-,-,-,0,-,-,-,-,-,-,0,-,-,-,-,-,0,-,-,aac(3)-IIa.v1^;strB.v1*;strA.v1*;aadA2^;aac(6')-Ib-cr.v2,-,-,qnrS1;aac(6')-Ib-cr.v2,-,Mrx;mphA,-,-,sul1;sul2;sul2,-,-,dfrA12,OXA-1,-,CTX-M-15,-,-,OKP-B-17*,-,OmpK36:p.Ala183fs,-,-,-,catB3.v1?-70%,1,8,16,nonwildtype R,77.47% R (N=423/546),"0 QRDR, 1^ PMQR, 0 aac(6`)-Ib-cr",1 mg/L [1-2],wzi529,KL178,unknown (KL178),Untypeable,-+!,95.38%,KL178_06_wzc;KL178_05_wzb;KL178_11_wcuK;KL178_12;KL178_10_wcsF;KL178_14;KL178_13_wzx;KL178_07_wzy;KL178_08_wcoU;KL178_09_wcoT;KL178_16_wcaJ,OL12,O12,Typeable,-,99.57%,-
37944B1_complete,clinical,The Gambia,Bansang,MRCG,2023,4,14,14/04/2023,14042023,v3.2.3,6,Klebsiella quasipneumoniae subsp. similipneumoniae,strong,Kqp,4,5198883,5198883,5641853,no,-,ST334,18,22,18,22,25,37,51,0,-,-,-,-,-,-,-,-,-,-,-,-,-,0,-,-,-,-,-,-,-,-,-,-,-,-,-,-,-,-,-,0,-,-,-,-,-,-,-,0,-,-,-,-,-,-,0,-,-,-,-,-,0,-,-,aac(3)-IIa.v1^;strB.v1*;strA.v1*;aadA2^;aac(6')-Ib-cr.v2,-,-,qnrS1;aac(6')-Ib-cr.v2,-,Mrx;mphA,-,-,sul1;sul2,-,-,dfrA12,OXA-1,-,CTX-M-15,-,-,OKP-B-17*,-,OmpK36:p.Ala183fs,-,-,-,catB3.v1?-70%,1,8,15,nonwildtype R,77.47% R (N=423/546),"0 QRDR, 1^ PMQR, 0 aac(6`)-Ib-cr",1 mg/L [1-2],wzi529,KL178,unknown (KL178),Untypeable,-+!,95.38%,KL178_10_wcsF;KL178_14;KL178_07_wzy;KL178_12;KL178_06_wzc;KL178_11_wcuK;KL178_08_wcoU;KL178_05_wzb;KL178_09_wcoT;KL178_16_wcaJ;KL178_13_wzx,OL12,O12,Typeable,-,99.57%,-
38073B1_complete,clinical,The Gambia,Bansang,MRCG,2023,5,13,13/05/2023,13052023,v3.2.3,6,Klebsiella quasipneumoniae subsp. similipneumoniae,strong,Kqp,4,5348264,5348264,5597925,no,-,ST425,42,22,63,22,86,38,114,0,ybt unknown,54*,67*,68,18*,1*,89*,31*,51*,1*,5,88*,-,0,-,-,-,-,-,-,-,-,-,-,-,-,-,-,-,-,-,0,-,-,-,-,-,-,-,0,-,-,-,-,-,-,0,-,-,-,-,-,1,-,-,aac(3)-IIa.v1^;aadA^;aac(6')-Ib-cr.v2,-,-,qnrS1;aac(6')-Ib-cr.v2,-,-,catA1*,-,sul1^,-,-,dfrA15.v2,LAP-2;OXA-1,-,CTX-M-15,-,-,OKP-B-41*,-,OmpK36:p.Ala183fs,-,-,-,catB3.v1?-70%,1,7,11,nonwildtype R,77.47% R (N=423/546),"0 QRDR, 1^ PMQR, 0 aac(6`)-Ib-cr",1 mg/L [1-2],-,KL61,K61,Typeable,-,98.17%,-,OL5,O5,Typeable,-,98.55%,-
38078B1_complete,clinical,The Gambia,Bansang,MRCG,2023,5,13,13/05/2023,13052023,v3.2.3,6,Klebsiella quasipneumoniae subsp. similipneumoniae,strong,Kqp,3,5348263,5348263,5594254,no,-,ST425,42,22,63,22,86,38,114,0,ybt unknown,54*,67*,68,18*,1*,89*,31*,51*,1*,5,88*,-,0,-,-,-,-,-,-,-,-,-,-,-,-,-,-,-,-,-,0,-,-,-,-,-,-,-,0,-,-,-,-,-,-,0,-,-,-,-,-,1,-,-,aac(3)-IIa.v1^;aadA^;aac(6')-Ib-cr.v2,-,-,qnrS1;aac(6')-Ib-cr.v2,-,-,catA1*,-,sul1^,-,-,dfrA15.v2,LAP-2;OXA-1,-,CTX-M-15,-,-,OKP-B-41*,-,OmpK36:p.Ala183fs,-,-,-,catB3.v1?-70%,1,7,11,nonwildtype R,77.47% R (N=423/546),"0 QRDR, 1^ PMQR, 0 aac(6`)-Ib-cr",1 mg/L [1-2],-,KL61,K61,Typeable,-,98.17%,-,OL5,O5,Typeable,-,98.55%,-
38093B1_complete,clinical,The Gambia,Bansang,MRCG,2023,5,15,15/05/2023,15052023,v3.2.3,6,Klebsiella quasipneumoniae subsp. similipneumoniae,strong,Kqp,4,5348264,5348264,5597920,no,-,ST425,42,22,63,22,86,38,114,0,ybt unknown,54*,67*,68,18*,1*,89*,31*,51*,1*,5,88*,-,0,-,-,-,-,-,-,-,-,-,-,-,-,-,-,-,-,-,0,-,-,-,-,-,-,-,0,-,-,-,-,-,-,0,-,-,-,-,-,1,-,-,aac(3)-IIa.v1^;aadA^;aac(6')-Ib-cr.v2,-,-,qnrS1;aac(6')-Ib-cr.v2,-,-,catA1*,-,sul1^,-,-,dfrA15.v2,LAP-2;OXA-1,-,CTX-M-15,-,-,OKP-B-41*,-,OmpK36:p.Ala183fs,-,-,-,catB3.v1?-70%,1,7,11,nonwildtype R,77.47% R (N=423/546),"0 QRDR, 1^ PMQR, 0 aac(6`)-Ib-cr",1 mg/L [1-2],-,KL61,K61,Typeable,-,98.17%,-,OL5,O5,Typeable,-,98.55%,-
38618B1_complete,clinical,The Gambia,Bansang,MRCG,2023,8,14,14/08/2023,14082023,v3.2.3,6,Klebsiella quasipneumoniae subsp. similipneumoniae,strong,Kqp,1,5148132,5148132,5148132,no,-,ST384,18,23,56,63,80,43,51,0,-,-,-,-,-,-,-,-,-,-,-,-,-,0,-,-,-,-,-,-,-,-,-,-,-,-,-,-,-,-,-,0,-,-,-,-,-,-,-,0,-,-,-,-,-,-,0,-,-,-,-,-,0,-,-,-,-,-,-,-,-,-,-,-,-,-,-,-,-,-,-,-,OKP-B-16^,-,OmpK36:p.Ala183fs,-,-,-,-,0,0,0,wildtype S,90.99% S (N=5168/5680),"0^ QRDR, 0 PMQR, 0 aac(6`)-Ib-cr",0.25 mg/L [0.25-0.25],-,KL57,K57,Typeable,-,98.78%,-,OL3α/β,O3αβ,Typeable,-,98.75%,-
38781B1_incomplete,clinical,The Gambia,Bansang,MRCG,2023,9,11,11/09/2023,11092023,v3.2.3,6,Klebsiella quasipneumoniae subsp. similipneumoniae,strong,Kqp,96,131459,518814,5968804,no,-,ST3416-1LV,18*,22,241,61,195,20,169,0,-,-,-,-,-,-,-,-,-,-,-,-,-,0,-,-,-,-,-,-,-,-,-,-,-,-,-,-,-,-,-,0,-,-,-,-,-,-,-,0,-,-,-,-,-,-,0,-,-,-,-,-,0,-,-,aac(3)-IIa.v1^;strB.v1;strB.v1*;aph3-Ia.v1^;strA.v1^;strA.v1*;aadA2^;aac(6')-Ib-cr.v2,-,-,qnrB1.v2^;qnrS1;aac(6')-Ib-cr.v2,-,Mrx;mphA,catII.2*,-,sul1;sul2;sul2,tet(A).v1,-,dfrA12;dfrA14.v2*,OXA-1,-,CTX-M-15;CTX-M-15,-,-,OKP-B-23*,-,-,-,-,-,catB3.v1?-70%,1,10,24,nonwildtype R,77.47% R (N=423/546),"0 QRDR, 1^ PMQR, 0 aac(6`)-Ib-cr",1 mg/L [1-2],wzi301,KL183,Capsule null,Untypeable,?2-+!,97.06%,KL183_05_wzb;KL183_13;KL183_11_wzx;KL183_07_wbaP;KL183_10;KL183_08;KL183_09_wcqC;KL183_06_wzc;KL183_12;KL183_14_gnd;KL183_19_ugd,OL12,O12,Typeable,-,99.03%,-
38824B1_complete,clinical,The Gambia,Bansang,MRCG,2023,9,16,16/09/2023,16092023,v3.2.3,6,Klebsiella quasipneumoniae subsp. similipneumoniae,strong,Kqp,2,5156243,5156243,5378250,no,-,ST6681,18,22,55,22,31,13,167,0,-,-,-,-,-,-,-,-,-,-,-,-,-,0,-,-,-,-,-,-,-,-,-,-,-,-,-,-,-,-,-,0,-,-,-,-,-,-,-,0,-,-,-,-,-,-,0,-,-,-,-,-,0,-,-,aac(3)-IIa.v1^;strB.v1;aph3-Ia.v1^;strA.v1;aac(6')-Ib-cr.v2,-,-,qnrS1;aac(6')-Ib-cr.v2,-,-,catA1*,-,sul1;sul2,tet(D),-,dfrA15.v2,LAP-2;OXA-1,-,CTX-M-15,-,-,SHV-1^;OKP-B-45*,-,OmpK36:p.Ala183fs,-,-,-,catB3.v1?-70%,1,8,15,nonwildtype R,77.47% R (N=423/546),"0 QRDR, 1^ PMQR, 0 aac(6`)-Ib-cr",1 mg/L [1-2],wzi171,KL53,K53,Typeable,-,99.54%,-,OL3α/β,O3αβ,Typeable,-,98.79%,-
38839B1_complete,clinical,The Gambia,Bansang,MRCG,2023,9,18,18/09/2023,18092023,v3.2.3,6,Klebsiella quasipneumoniae subsp. similipneumoniae,strong,Kqp,3,5262665,5262665,5688644,no,-,ST918-3LV,18,22,26,59,11,69,154*,0,-,-,-,-,-,-,-,-,-,-,-,-,-,0,-,-,-,-,-,-,-,-,-,-,-,-,-,-,-,-,-,0,-,-,-,-,-,-,-,0,-,-,-,-,-,-,0,-,-,-,-,-,0,-,-,aac(3)-IIa.v1^;strB.v1;strB.v1*;strA.v1^;strA.v1*;aadA2^;aac(6')-Ib-cr.v2,-,-,qnrB1.v2^;qnrS1;aac(6')-Ib-cr.v2,-,-,-,-,sul1;sul2;sul2,-,-,dfrA12;dfrA14.v2*,OXA-1,-,CTX-M-15;CTX-M-15,-,-,OKP-B-45*,-,OmpK36:p.Ala183fs,-,-,-,catB3.v1?-70%;fosA7*?-0%,1,7,20,nonwildtype R,77.47% R (N=423/546),"0 QRDR, 1^ PMQR, 0 aac(6`)-Ib-cr",1 mg/L [1-2],wzi411,KL49,Capsule null,Typeable,+!,98.24%,-,OL12,O12,Typeable,-,99.60%,-
43452B1_complete,clinical,The Gambia,Bansang,MRCG,2023,12,19,19/12/2023,19122023,v3.2.3,6,Klebsiella quasipneumoniae subsp. similipneumoniae,strong,Kqp,10,5254762,5254762,5936207,no,-,ST2355,18,22,18,61,11,13,51,0,-,-,-,-,-,-,-,-,-,-,-,-,-,0,-,-,-,-,-,-,-,-,-,-,-,-,-,-,-,-,-,0,-,-,-,-,-,-,-,0,-,-,-,-,-,-,0,-,-,-,-,-,0,-,-,aac(3)-IIa.v1^;strB.v1*;strA.v1*;aadA2^;aac(6')-Ib-cr.v2,-,-,qnrS1;aac(6')-Ib-cr.v2,-,Mrx;mphA,-,-,sul1;sul2,-,-,dfrA12,OXA-1,-,CTX-M-15,-,-,OKP-B-6^,-,-,-,-,-,catB3.v1?-70%;fosA7*?-0%,1,8,15,nonwildtype R,77.47% R (N=423/546),"0 QRDR, 1^ PMQR, 0 aac(6`)-Ib-cr",1 mg/L [1-2],wzi348,KL111,unknown (KL111),Typeable,!,97.99%,-,OL3α/β,O3αβ,Typeable,-,98.70%,-
43477B1_complete,clinical,The Gambia,Bansang,MRCG,2023,12,30,30/12/2023,30122023,v3.2.3,6,Klebsiella quasipneumoniae subsp. similipneumoniae,strong,Kqp,8,5255630,5255630,5902495,no,-,ST2355,18,22,18,61,11,13,51,0,-,-,-,-,-,-,-,-,-,-,-,-,-,0,-,-,-,-,-,-,-,-,-,-,-,-,-,-,-,-,-,0,-,-,-,-,-,-,-,0,-,-,-,-,-,-,0,-,-,-,-,-,0,-,-,aac(3)-IIa.v1^;strB.v1*;strA.v1*;aadA2^;aac(6')-Ib-cr.v2,-,-,qnrS1;aac(6')-Ib-cr.v2,-,Mrx;mphA,-,-,sul1;sul2,-,-,dfrA12,OXA-1,-,CTX-M-15,-,-,OKP-B-6^,-,-,-,-,-,catB3.v1?-70%;fosA7*?-0%,1,8,15,nonwildtype R,77.47% R (N=423/546),"0 QRDR, 1^ PMQR, 0 aac(6`)-Ib-cr",1 mg/L [1-2],wzi348,KL111,unknown (KL111),Typeable,!,97.98%,-,OL3α/β,O3αβ,Typeable,-,98.70%,-
43481B1_complete,clinical,The Gambia,Bansang,MRCG,2024,1,1,01/01/2024,1012024,v3.2.3,6,Klebsiella quasipneumoniae subsp. similipneumoniae,strong,Kqp,9,5254166,5254166,5905256,no,-,ST2355,18,22,18,61,11,13,51,0,-,-,-,-,-,-,-,-,-,-,-,-,-,0,-,-,-,-,-,-,-,-,-,-,-,-,-,-,-,-,-,0,-,-,-,-,-,-,-,0,-,-,-,-,-,-,0,-,-,-,-,-,0,-,-,aac(3)-IIa.v1^;strB.v1*;strA.v1*;aadA2^;aac(6')-Ib-cr.v2,-,-,qnrS1;aac(6')-Ib-cr.v2,-,Mrx;mphA,-,-,sul1;sul2,-,-,dfrA12,OXA-1,-,CTX-M-15,-,-,OKP-B-6^,-,-,-,-,-,catB3.v1?-70%;fosA7*?-0%,1,8,15,nonwildtype R,77.47% R (N=423/546),"0 QRDR, 1^ PMQR, 0 aac(6`)-Ib-cr",1 mg/L [1-2],wzi348,KL111,unknown (KL111),Typeable,!,98.01%,-,OL3α/β,O3αβ,Typeable,-,98.70%,-
43483B1_incomplete,clinical,The Gambia,Bansang,MRCG,2024,1,1,01/01/2024,1012024,v3.2.3,6,Klebsiella quasipneumoniae subsp. similipneumoniae,strong,Kqp,26,1614260,2152268,5956769,no,-,ST2355,18,22,18,61,11,13,51,0,-,-,-,-,-,-,-,-,-,-,-,-,-,0,-,-,-,-,-,-,-,-,-,-,-,-,-,-,-,-,-,0,-,-,-,-,-,-,-,0,-,-,-,-,-,-,0,-,-,-,-,-,0,-,-,aac(3)-IIa.v1^;strB.v1*;strA.v1*;aadA2^;aac(6')-Ib-cr.v2,-,-,qnrS1;aac(6')-Ib-cr.v2,-,Mrx;mphA,-,-,sul1;sul2,-,-,dfrA12,OXA-1,-,CTX-M-15,-,-,OKP-B-6^,-,-,-,-,-,catB3.v1?-70%;fosA7*?-0%,1,8,15,nonwildtype R,77.47% R (N=423/546),"0 QRDR, 1^ PMQR, 0 aac(6`)-Ib-cr",1 mg/L [1-2],wzi348,KL111,unknown (KL111),Typeable,!,98.04%,-,OL3α/β,O3αβ,Typeable,!,99.04%,-
43485B1_complete,clinical,The Gambia,Bansang,MRCG,2024,1,2,02/01/2024,2012024,v3.2.3,6,Klebsiella quasipneumoniae subsp. similipneumoniae,strong,Kqp,8,5260524,5260524,5934915,no,-,ST2355,18,22,18,61,11,13,51,0,-,-,-,-,-,-,-,-,-,-,-,-,-,0,-,-,-,-,-,-,-,-,-,-,-,-,-,-,-,-,-,0,-,-,-,-,-,-,-,0,-,-,-,-,-,-,0,-,-,-,-,-,0,-,-,aac(3)-IIa.v1^;strB.v1*;strA.v1*;aadA2^;aac(6')-Ib-cr.v2,-,-,qnrS1;aac(6')-Ib-cr.v2,-,Mrx;mphA,-,-,sul1;sul2,-,-,dfrA12,OXA-1,-,CTX-M-15,-,-,OKP-B-6^,-,-,-,-,-,catB3.v1?-70%;fosA7*?-0%,1,8,15,nonwildtype R,77.47% R (N=423/546),"0 QRDR, 1^ PMQR, 0 aac(6`)-Ib-cr",1 mg/L [1-2],wzi348,KL111,unknown (KL111),Typeable,-,98.01%,-,OL3α/β,O3αβ,Typeable,!,99.04%,-
43487B1_incomplete,clinical,The Gambia,Bansang,MRCG,2024,1,2,02/01/2024,2012024,v3.2.3,6,Klebsiella quasipneumoniae subsp. similipneumoniae,strong,Kqp,11,2396398,2762857,5933058,no,-,ST2355,18,22,18,61,11,13,51,0,-,-,-,-,-,-,-,-,-,-,-,-,-,0,-,-,-,-,-,-,-,-,-,-,-,-,-,-,-,-,-,0,-,-,-,-,-,-,-,0,-,-,-,-,-,-,0,-,-,-,-,-,0,-,-,aac(3)-IIa.v1^;strB.v1*;strA.v1*;aadA2^;aac(6')-Ib-cr.v2,-,-,qnrS1;aac(6')-Ib-cr.v2,-,Mrx;mphA,-,-,sul1;sul2,-,-,dfrA12,OXA-1,-,CTX-M-15,-,-,OKP-B-6^,-,-,-,-,-,catB3.v1?-70%;fosA7*?-0%,1,8,15,nonwildtype R,77.47% R (N=423/546),"0 QRDR, 1^ PMQR, 0 aac(6`)-Ib-cr",1 mg/L [1-2],wzi348,KL111,unknown (KL111),Typeable,-,97.97%,-,OL3α/β,O3αβ,Typeable,-,98.70%,-
43494B1_complete,clinical,The Gambia,Bansang,MRCG,2024,1,7,07/01/2024,7012024,v3.2.3,6,Klebsiella quasipneumoniae subsp. similipneumoniae,strong,Kqp,11,5255191,5255191,5895626,no,-,ST2355,18,22,18,61,11,13,51,0,-,-,-,-,-,-,-,-,-,-,-,-,-,0,-,-,-,-,-,-,-,-,-,-,-,-,-,-,-,-,-,0,-,-,-,-,-,-,-,0,-,-,-,-,-,-,0,-,-,-,-,-,0,-,-,aac(3)-IIa.v1^;strB.v1*;strA.v1*;aadA2^;aac(6')-Ib-cr.v2,-,-,qnrS1;aac(6')-Ib-cr.v2,-,Mrx;mphA,-,-,sul1;sul2,-,-,dfrA12,OXA-1,-,CTX-M-15,-,-,OKP-B-6^,-,-,-,-,-,catB3.v1?-70%;fosA7*?-0%,1,8,15,nonwildtype R,77.47% R (N=423/546),"0 QRDR, 1^ PMQR, 0 aac(6`)-Ib-cr",1 mg/L [1-2],wzi348,KL111,unknown (KL111),Typeable,!,98.01%,-,OL3α/β,O3αβ,Typeable,!,99.04%,-
43519B1_complete,clinical,The Gambia,Bansang,MRCG,2024,1,22,22/01/2024,22012024,v3.2.3,6,Klebsiella quasipneumoniae subsp. similipneumoniae,strong,Kqp,1,5254043,5254043,5254043,no,-,ST2355,18,22,18,61,11,13,51,0,-,-,-,-,-,-,-,-,-,-,-,-,-,0,-,-,-,-,-,-,-,-,-,-,-,-,-,-,-,-,-,0,-,-,-,-,-,-,-,0,-,-,-,-,-,-,0,-,-,-,-,-,0,-,-,-,-,-,-,-,-,-,-,-,-,-,-,-,-,-,-,-,OKP-B-6^,-,-,-,-,-,fosA7*?-0%,0,0,0,wildtype S,90.99% S (N=5168/5680),"0^ QRDR, 0 PMQR, 0 aac(6`)-Ib-cr",0.25 mg/L [0.25-0.25],wzi348,KL111,unknown (KL111),Typeable,!,98.05%,-,OL3α/β,O3αβ,Typeable,-,98.70%,-
53_i_09-01-24_incomplete,environmental,The Gambia,Bansang,MRCG,2023,12,5,,,v3.2.3,6,Klebsiella quasipneumoniae subsp. similipneumoniae,strong,Kqp,200,222506,1169433,8793654,no,-,ST2355-1LV,18,22,18,61,11,13,99*,378-1LV,ybt 15; ICEKp11,6,15,22,4,1,37*,44,14,1,4,17,-,0,-,-,-,-,-,-,-,-,-,-,-,-,-,-,-,-,-,0,-,-,-,-,-,-,-,0,-,-,-,-,-,-,0,-,-,-,-,-,1,-,-,aac(3)-IId^;aac(3)-IIa.v1^;strB.v1;strB.v1*;aph3-Ia.v1^;strA.v1^;strA.v1*;aadA2^;aac(6')-Ib-cr.v2,-,-,qnrS1;aac(6')-Ib-cr.v2,-,Mrx;mphA,catA1^,-,sul1;sul1;sul2;sul2*,tet(A).v1,-,dfrA12;dfrA7,OXA-1,-,CTX-M-15,-,-,SHV-11^;OKP-B-6^,SHV:p.Leu35Gln,-,-,-,-,catB3.v1?-70%;fosA7*?-0%,1,10,25,nonwildtype R,77.47% R (N=423/546),"0 QRDR, 1^ PMQR, 0 aac(6`)-Ib-cr",1 mg/L [1-2],wzi62,KL62,Capsule null,Typeable,!,97.95%,-,OL2α.2,O2β,Typeable,?2!,93.42%,-
BS18650I1_complete,clinical,The Gambia,Bansang,MRCG,2013,12,7,07/12/2013,7122013,v3.2.3,6,Klebsiella quasipneumoniae subsp. similipneumoniae,strong,Kqp,1,5185583,5185583,5185583,no,-,ST824-1LV,18,22,18,22,11,41,51,0,-,-,-,-,-,-,-,-,-,-,-,-,-,0,-,-,-,-,-,-,-,-,-,-,-,-,-,-,-,-,-,0,-,-,-,-,-,-,-,0,-,-,-,-,-,-,0,-,-,-,-,-,0,-,-,-,-,-,-,-,-,-,-,-,-,-,-,-,-,-,-,-,OKP-B-5^,-,OmpK36:p.Ala183fs,-,-,-,-,0,0,0,wildtype S,90.99% S (N=5168/5680),"0^ QRDR, 0 PMQR, 0 aac(6`)-Ib-cr",0.25 mg/L [0.25-0.25],wzi407,KL57,K57,Typeable,-,98.72%,-,OL3α/β,O3αβ,Typeable,-,98.78%,-
BS22406I1_complete,clinical,The Gambia,Bansang,MRCG,2014,11,14,14/11/2014,14112014,v3.2.3,6,Klebsiella quasipneumoniae subsp. similipneumoniae,strong,Kqp,4,5159427,5159427,5172385,no,-,ST367,18,15,26,16,11,13,106,183-1LV,ybt 9; ICEKp3 (truncated),5,11,6,5,1,25,37*-60%,9,5,5,11,-,0,-,-,-,-,-,-,-,-,-,-,-,-,-,-,-,-,-,0,-,-,-,-,-,-,-,0,-,-,-,-,-,-,0,-,-,-,-,-,1,-,-,-,-,-,-,-,-,-,-,-,-,-,-,-,-,-,-,-,OKP-B-40*,-,-,-,-,-,-,0,0,0,wildtype S,90.99% S (N=5168/5680),"0^ QRDR, 0 PMQR, 0 aac(6`)-Ib-cr",0.25 mg/L [0.25-0.25],wzi114,KL8,K8,Typeable,!,98.85%,-,OL3γ,O3γ,Typeable,-,99.42%,-
E. coli 1,clinical,,,,2024,1,,,,,,Escherichia coli,,Ec,,,,,,,ST131,,,,,,,,,,,,,,,,,,,,,,,,,,,,,,,,,,,,,,,,,,,,,,,,,,,,,,,,,,,,,,,,,,,,,,,,,,,,,,,,,,,,,,,,,,,,,,,,,,,,,,,,,,,
E coli 2,clinical,,,,2024,1,,,,,,Escherichia coli,,Ec,,,,,,,ST636,,,,,,,,,,,,,,,,,,,,,,,,,,,,,,,,,,,,,,,,,,,,,,,,,,,,,,,,,,,,,,,,,,,,,,,,,,,,,,,,,,,,,,,,,,,,,,,,,,,,,,,,,,,